{
  "@context": "https://w3id.org/ro/crate/1.1/context",
  "@graph": [
    {
      "@id": "ro-crate-metadata.json",
      "@type": "CreativeWork",
      "about": {
        "@id": "./"
      },
      "conformsTo": [
        {
          "@id": "https://w3id.org/ro/crate/1.1"
        },
        {
          "@id": "https://about.workflowhub.eu/Workflow-RO-Crate/"
        }
      ]
    },
    {
      "@id": "./",
      "@type": "Dataset",
      "datePublished": "2023-11-25T01:03:44.371+00:00",
      "mainEntity": {
        "@id": "clm-fates_alp1_simulation_5years.ga"
      }
    },
    {
      "@id": "clm-fates_alp1_simulation_5years.ga",
      "@type": [
        "File",
        "SoftwareSourceCode",
        "ComputationalWorkflow"
      ],
      "author": [
        {
          "@id": "https://orcid.org/https://orcid.org/0000-0002-1784-2920"
        }
      ],
      "license": {
        "@id": "https://spdx.org/licenses/Apache-2.0"
      },
      "name": "CLM-FATES_ ALP1 simulation (5 years)",
      "version": 3,
      "programmingLanguage": {
        "@id": "https://w3id.org/workflowhub/workflow-ro-crate#galaxy"
      }
    },
    {
      "@id": "https://spdx.org/licenses/Apache-2.0",
      "@type": "CreativeWork",
      "name": "Apache-2.0"
    },
    {
      "@id": "https://w3id.org/workflowhub/workflow-ro-crate#galaxy",
      "@type": "ComputerLanguage",
      "identifier": {
        "@id": "https://galaxyproject.org/"
      },
      "name": "Galaxy",
      "url": {
        "@id": "https://galaxyproject.org/"
      },
      "version": "23.1"
    },
    {
      "@id": "https://orcid.org/https://orcid.org/0000-0002-1784-2920",
      "@type": "Person",
      "name": "Anne Fouilloux"
    }
  ]
}