{
  "@context": "https://w3id.org/ro/crate/1.1/context",
  "@graph": [
    {
      "@id": "ro-crate-metadata.json",
      "@type": "CreativeWork",
      "about": {
        "@id": "./"
      },
      "conformsTo": [
        {
          "@id": "https://w3id.org/ro/crate/1.1"
        },
        {
          "@id": "https://about.workflowhub.eu/Workflow-RO-Crate/"
        }
      ]
    },
    {
      "@id": "./",
      "@type": "Dataset",
      "datePublished": "2023-11-11T02:08:01.171+00:00",
      "mainEntity": {
        "@id": "main_workflow.ga"
      }
    },
    {
      "@id": "main_workflow.ga",
      "@type": [
        "File",
        "SoftwareSourceCode",
        "ComputationalWorkflow"
      ],
      "author": [
        {
          "@id": "#bd6b3b7a-7661-4b2c-a6ec-25590cbf2b24"
        },
        {
          "@id": "#1915e43e-c881-445b-b7fd-f6c55953024d"
        },
        {
          "@id": "#f28121b0-4127-47a6-be2c-b2eabfda714c"
        },
        {
          "@id": "#48162ca8-bfe2-4514-bbbc-becb4c9f4dc6"
        }
      ],
      "license": {
        "@id": "https://spdx.org/licenses/GPL-3.0-or-later"
      },
      "name": "Genome Assembly using PacBio data",
      "version": 4,
      "programmingLanguage": {
        "@id": "https://w3id.org/workflowhub/workflow-ro-crate#galaxy"
      }
    },
    {
      "@id": "https://spdx.org/licenses/GPL-3.0-or-later",
      "@type": "CreativeWork",
      "name": "GPL-3.0-or-later"
    },
    {
      "@id": "https://w3id.org/workflowhub/workflow-ro-crate#galaxy",
      "@type": "ComputerLanguage",
      "identifier": {
        "@id": "https://galaxyproject.org/"
      },
      "name": "Galaxy",
      "url": {
        "@id": "https://galaxyproject.org/"
      },
      "version": "23.1"
    },
    {
      "@id": "#bd6b3b7a-7661-4b2c-a6ec-25590cbf2b24",
      "@type": "Person",
      "name": "Erwan Corre"
    },
    {
      "@id": "#1915e43e-c881-445b-b7fd-f6c55953024d",
      "@type": "Person",
      "name": "Stéphanie Robin"
    },
    {
      "@id": "#f28121b0-4127-47a6-be2c-b2eabfda714c",
      "@type": "Person",
      "name": "Anthony Bretaudeau"
    },
    {
      "@id": "#48162ca8-bfe2-4514-bbbc-becb4c9f4dc6",
      "@type": "Person",
      "name": "Alexandre Cormier"
    }
  ]
}