{
  "@context": "https://w3id.org/ro/crate/1.1/context",
  "@graph": [
    {
      "@id": "ro-crate-metadata.json",
      "@type": "CreativeWork",
      "about": {
        "@id": "./"
      },
      "conformsTo": [
        {
          "@id": "https://w3id.org/ro/crate/1.1"
        },
        {
          "@id": "https://about.workflowhub.eu/Workflow-RO-Crate/"
        }
      ]
    },
    {
      "@id": "./",
      "@type": "Dataset",
      "datePublished": "2023-11-16T01:06:51.144+00:00",
      "mainEntity": {
        "@id": "main_workflow.ga"
      }
    },
    {
      "@id": "main_workflow.ga",
      "@type": [
        "File",
        "SoftwareSourceCode",
        "ComputationalWorkflow"
      ],
      "author": [
        {
          "@id": "#3e9d0a95-0b2d-4b75-8083-bb68978a2691"
        },
        {
          "@id": "#16782701-fdcb-4a20-bec6-48e71f453f99"
        },
        {
          "@id": "#901b6a4f-a2ec-4008-91f2-55f421180cbf"
        },
        {
          "@id": "#f147dd2c-3fe4-4deb-8648-a60226c39d38"
        }
      ],
      "license": {
        "@id": "https://spdx.org/licenses/GPL-3.0-or-later"
      },
      "name": "Genome Assembly using PacBio data",
      "version": 4,
      "programmingLanguage": {
        "@id": "https://w3id.org/workflowhub/workflow-ro-crate#galaxy"
      }
    },
    {
      "@id": "https://spdx.org/licenses/GPL-3.0-or-later",
      "@type": "CreativeWork",
      "name": "GPL-3.0-or-later"
    },
    {
      "@id": "https://w3id.org/workflowhub/workflow-ro-crate#galaxy",
      "@type": "ComputerLanguage",
      "identifier": {
        "@id": "https://galaxyproject.org/"
      },
      "name": "Galaxy",
      "url": {
        "@id": "https://galaxyproject.org/"
      },
      "version": "23.1"
    },
    {
      "@id": "#3e9d0a95-0b2d-4b75-8083-bb68978a2691",
      "@type": "Person",
      "name": "Erwan Corre"
    },
    {
      "@id": "#16782701-fdcb-4a20-bec6-48e71f453f99",
      "@type": "Person",
      "name": "Stéphanie Robin"
    },
    {
      "@id": "#901b6a4f-a2ec-4008-91f2-55f421180cbf",
      "@type": "Person",
      "name": "Anthony Bretaudeau"
    },
    {
      "@id": "#f147dd2c-3fe4-4deb-8648-a60226c39d38",
      "@type": "Person",
      "name": "Alexandre Cormier"
    }
  ]
}