{
  "@context": "https://w3id.org/ro/crate/1.1/context",
  "@graph": [
    {
      "@id": "ro-crate-metadata.json",
      "@type": "CreativeWork",
      "about": {
        "@id": "./"
      },
      "conformsTo": [
        {
          "@id": "https://w3id.org/ro/crate/1.1"
        },
        {
          "@id": "https://about.workflowhub.eu/Workflow-RO-Crate/"
        }
      ]
    },
    {
      "@id": "./",
      "@type": "Dataset",
      "datePublished": "2023-11-26T01:10:16.297+00:00",
      "mainEntity": {
        "@id": "main_workflow.ga"
      }
    },
    {
      "@id": "main_workflow.ga",
      "@type": [
        "File",
        "SoftwareSourceCode",
        "ComputationalWorkflow"
      ],
      "author": [
        {
          "@id": "#c4228eb0-9119-4730-a128-e3556d8c4385"
        },
        {
          "@id": "#02999600-bb6d-42d0-832f-a3d16c55f572"
        },
        {
          "@id": "#2b182910-87e6-42d0-9334-3920d980eae1"
        },
        {
          "@id": "#f1b33630-14dc-4ab0-99ac-eedd68fd3022"
        }
      ],
      "license": {
        "@id": "https://spdx.org/licenses/GPL-3.0-or-later"
      },
      "name": "Genome Assembly using PacBio data",
      "version": 4,
      "programmingLanguage": {
        "@id": "https://w3id.org/workflowhub/workflow-ro-crate#galaxy"
      }
    },
    {
      "@id": "https://spdx.org/licenses/GPL-3.0-or-later",
      "@type": "CreativeWork",
      "name": "GPL-3.0-or-later"
    },
    {
      "@id": "https://w3id.org/workflowhub/workflow-ro-crate#galaxy",
      "@type": "ComputerLanguage",
      "identifier": {
        "@id": "https://galaxyproject.org/"
      },
      "name": "Galaxy",
      "url": {
        "@id": "https://galaxyproject.org/"
      },
      "version": "23.1"
    },
    {
      "@id": "#c4228eb0-9119-4730-a128-e3556d8c4385",
      "@type": "Person",
      "name": "Erwan Corre"
    },
    {
      "@id": "#02999600-bb6d-42d0-832f-a3d16c55f572",
      "@type": "Person",
      "name": "Stéphanie Robin"
    },
    {
      "@id": "#2b182910-87e6-42d0-9334-3920d980eae1",
      "@type": "Person",
      "name": "Anthony Bretaudeau"
    },
    {
      "@id": "#f1b33630-14dc-4ab0-99ac-eedd68fd3022",
      "@type": "Person",
      "name": "Alexandre Cormier"
    }
  ]
}