{
  "@context": "https://w3id.org/ro/crate/1.1/context",
  "@graph": [
    {
      "@id": "ro-crate-metadata.json",
      "@type": "CreativeWork",
      "about": {
        "@id": "./"
      },
      "conformsTo": [
        {
          "@id": "https://w3id.org/ro/crate/1.1"
        },
        {
          "@id": "https://about.workflowhub.eu/Workflow-RO-Crate/"
        }
      ]
    },
    {
      "@id": "./",
      "@type": "Dataset",
      "datePublished": "2023-11-19T01:10:50.368+00:00",
      "mainEntity": {
        "@id": "main_workflow.ga"
      }
    },
    {
      "@id": "main_workflow.ga",
      "@type": [
        "File",
        "SoftwareSourceCode",
        "ComputationalWorkflow"
      ],
      "author": [
        {
          "@id": "#85e90c49-4e10-45b8-adc9-916ceeaa4160"
        },
        {
          "@id": "#b32f1a16-6904-47ef-aef8-ba53c05d074a"
        },
        {
          "@id": "#e0b7202f-d788-41c8-888b-1d08b563f21c"
        },
        {
          "@id": "#011b1377-17e0-40da-9a20-fcae3a08ef39"
        }
      ],
      "license": {
        "@id": "https://spdx.org/licenses/GPL-3.0-or-later"
      },
      "name": "Genome Assembly using PacBio data",
      "version": 4,
      "programmingLanguage": {
        "@id": "https://w3id.org/workflowhub/workflow-ro-crate#galaxy"
      }
    },
    {
      "@id": "https://spdx.org/licenses/GPL-3.0-or-later",
      "@type": "CreativeWork",
      "name": "GPL-3.0-or-later"
    },
    {
      "@id": "https://w3id.org/workflowhub/workflow-ro-crate#galaxy",
      "@type": "ComputerLanguage",
      "identifier": {
        "@id": "https://galaxyproject.org/"
      },
      "name": "Galaxy",
      "url": {
        "@id": "https://galaxyproject.org/"
      },
      "version": "23.1"
    },
    {
      "@id": "#85e90c49-4e10-45b8-adc9-916ceeaa4160",
      "@type": "Person",
      "name": "Erwan Corre"
    },
    {
      "@id": "#b32f1a16-6904-47ef-aef8-ba53c05d074a",
      "@type": "Person",
      "name": "Stéphanie Robin"
    },
    {
      "@id": "#e0b7202f-d788-41c8-888b-1d08b563f21c",
      "@type": "Person",
      "name": "Anthony Bretaudeau"
    },
    {
      "@id": "#011b1377-17e0-40da-9a20-fcae3a08ef39",
      "@type": "Person",
      "name": "Alexandre Cormier"
    }
  ]
}