{
  "@context": "https://w3id.org/ro/crate/1.1/context",
  "@graph": [
    {
      "@id": "ro-crate-metadata.json",
      "@type": "CreativeWork",
      "about": {
        "@id": "./"
      },
      "conformsTo": [
        {
          "@id": "https://w3id.org/ro/crate/1.1"
        },
        {
          "@id": "https://about.workflowhub.eu/Workflow-RO-Crate/"
        }
      ]
    },
    {
      "@id": "./",
      "@type": "Dataset",
      "datePublished": "2023-11-13T01:06:05.745+00:00",
      "mainEntity": {
        "@id": "main_workflow.ga"
      }
    },
    {
      "@id": "main_workflow.ga",
      "@type": [
        "File",
        "SoftwareSourceCode",
        "ComputationalWorkflow"
      ],
      "author": [
        {
          "@id": "#1b619f4d-fad4-4bbc-b8c8-9506945c08eb"
        },
        {
          "@id": "#838bb660-063c-4253-8bab-83cf1b90ea13"
        },
        {
          "@id": "#a1732192-8dfd-4b0b-bdf4-051a78e7381b"
        },
        {
          "@id": "#4fc698c3-79f3-4b21-a51c-5ddaed519af6"
        }
      ],
      "license": {
        "@id": "https://spdx.org/licenses/GPL-3.0-or-later"
      },
      "name": "Genome Assembly using PacBio data",
      "version": 4,
      "programmingLanguage": {
        "@id": "https://w3id.org/workflowhub/workflow-ro-crate#galaxy"
      }
    },
    {
      "@id": "https://spdx.org/licenses/GPL-3.0-or-later",
      "@type": "CreativeWork",
      "name": "GPL-3.0-or-later"
    },
    {
      "@id": "https://w3id.org/workflowhub/workflow-ro-crate#galaxy",
      "@type": "ComputerLanguage",
      "identifier": {
        "@id": "https://galaxyproject.org/"
      },
      "name": "Galaxy",
      "url": {
        "@id": "https://galaxyproject.org/"
      },
      "version": "23.1"
    },
    {
      "@id": "#1b619f4d-fad4-4bbc-b8c8-9506945c08eb",
      "@type": "Person",
      "name": "Erwan Corre"
    },
    {
      "@id": "#838bb660-063c-4253-8bab-83cf1b90ea13",
      "@type": "Person",
      "name": "Stéphanie Robin"
    },
    {
      "@id": "#a1732192-8dfd-4b0b-bdf4-051a78e7381b",
      "@type": "Person",
      "name": "Anthony Bretaudeau"
    },
    {
      "@id": "#4fc698c3-79f3-4b21-a51c-5ddaed519af6",
      "@type": "Person",
      "name": "Alexandre Cormier"
    }
  ]
}