{
  "@context": "https://w3id.org/ro/crate/1.1/context",
  "@graph": [
    {
      "@id": "ro-crate-metadata.json",
      "@type": "CreativeWork",
      "about": {
        "@id": "./"
      },
      "conformsTo": [
        {
          "@id": "https://w3id.org/ro/crate/1.1"
        },
        {
          "@id": "https://about.workflowhub.eu/Workflow-RO-Crate/"
        }
      ]
    },
    {
      "@id": "./",
      "@type": "Dataset",
      "datePublished": "2023-11-25T01:03:44.259+00:00",
      "mainEntity": {
        "@id": "main_workflow.ga"
      }
    },
    {
      "@id": "main_workflow.ga",
      "@type": [
        "File",
        "SoftwareSourceCode",
        "ComputationalWorkflow"
      ],
      "author": [
        {
          "@id": "#77141708-850d-4bda-b60c-d41ce7255724"
        },
        {
          "@id": "#31dc9860-ea3e-4b29-9f44-64bc07183469"
        },
        {
          "@id": "#c4820551-ab29-416f-9b3c-63a70aa3ba24"
        },
        {
          "@id": "#19a49d88-4efe-456d-8c8a-f2b92d70c136"
        }
      ],
      "license": {
        "@id": "https://spdx.org/licenses/GPL-3.0-or-later"
      },
      "name": "Genome Assembly using PacBio data",
      "version": 4,
      "programmingLanguage": {
        "@id": "https://w3id.org/workflowhub/workflow-ro-crate#galaxy"
      }
    },
    {
      "@id": "https://spdx.org/licenses/GPL-3.0-or-later",
      "@type": "CreativeWork",
      "name": "GPL-3.0-or-later"
    },
    {
      "@id": "https://w3id.org/workflowhub/workflow-ro-crate#galaxy",
      "@type": "ComputerLanguage",
      "identifier": {
        "@id": "https://galaxyproject.org/"
      },
      "name": "Galaxy",
      "url": {
        "@id": "https://galaxyproject.org/"
      },
      "version": "23.1"
    },
    {
      "@id": "#77141708-850d-4bda-b60c-d41ce7255724",
      "@type": "Person",
      "name": "Erwan Corre"
    },
    {
      "@id": "#31dc9860-ea3e-4b29-9f44-64bc07183469",
      "@type": "Person",
      "name": "Stéphanie Robin"
    },
    {
      "@id": "#c4820551-ab29-416f-9b3c-63a70aa3ba24",
      "@type": "Person",
      "name": "Anthony Bretaudeau"
    },
    {
      "@id": "#19a49d88-4efe-456d-8c8a-f2b92d70c136",
      "@type": "Person",
      "name": "Alexandre Cormier"
    }
  ]
}