{
  "@context": "https://w3id.org/ro/crate/1.1/context",
  "@graph": [
    {
      "@id": "ro-crate-metadata.json",
      "@type": "CreativeWork",
      "about": {
        "@id": "./"
      },
      "conformsTo": [
        {
          "@id": "https://w3id.org/ro/crate/1.1"
        },
        {
          "@id": "https://about.workflowhub.eu/Workflow-RO-Crate/"
        }
      ]
    },
    {
      "@id": "./",
      "@type": "Dataset",
      "datePublished": "2023-12-04T01:07:33.370+00:00",
      "mainEntity": {
        "@id": "main_workflow.ga"
      }
    },
    {
      "@id": "main_workflow.ga",
      "@type": [
        "File",
        "SoftwareSourceCode",
        "ComputationalWorkflow"
      ],
      "author": [
        {
          "@id": "#c0024768-e2e0-479e-80fc-68c4a7aafd36"
        },
        {
          "@id": "#1a51f386-839b-457c-a38f-05d6e84b9290"
        },
        {
          "@id": "#39450395-66df-4e7a-baa5-df17916e9771"
        },
        {
          "@id": "#94199285-65e9-4a5d-85e6-834a5c1680ea"
        }
      ],
      "license": {
        "@id": "https://spdx.org/licenses/GPL-3.0-or-later"
      },
      "name": "Genome Assembly using PacBio data",
      "version": 4,
      "programmingLanguage": {
        "@id": "https://w3id.org/workflowhub/workflow-ro-crate#galaxy"
      }
    },
    {
      "@id": "https://spdx.org/licenses/GPL-3.0-or-later",
      "@type": "CreativeWork",
      "name": "GPL-3.0-or-later"
    },
    {
      "@id": "https://w3id.org/workflowhub/workflow-ro-crate#galaxy",
      "@type": "ComputerLanguage",
      "identifier": {
        "@id": "https://galaxyproject.org/"
      },
      "name": "Galaxy",
      "url": {
        "@id": "https://galaxyproject.org/"
      },
      "version": "23.1"
    },
    {
      "@id": "#c0024768-e2e0-479e-80fc-68c4a7aafd36",
      "@type": "Person",
      "name": "Erwan Corre"
    },
    {
      "@id": "#1a51f386-839b-457c-a38f-05d6e84b9290",
      "@type": "Person",
      "name": "Stéphanie Robin"
    },
    {
      "@id": "#39450395-66df-4e7a-baa5-df17916e9771",
      "@type": "Person",
      "name": "Anthony Bretaudeau"
    },
    {
      "@id": "#94199285-65e9-4a5d-85e6-834a5c1680ea",
      "@type": "Person",
      "name": "Alexandre Cormier"
    }
  ]
}