{
  "@context": "https://w3id.org/ro/crate/1.1/context",
  "@graph": [
    {
      "@id": "ro-crate-metadata.json",
      "@type": "CreativeWork",
      "about": {
        "@id": "./"
      },
      "conformsTo": [
        {
          "@id": "https://w3id.org/ro/crate/1.1"
        },
        {
          "@id": "https://about.workflowhub.eu/Workflow-RO-Crate/"
        }
      ]
    },
    {
      "@id": "./",
      "@type": "Dataset",
      "datePublished": "2023-11-24T01:04:45.609+00:00",
      "mainEntity": {
        "@id": "main_workflow.ga"
      }
    },
    {
      "@id": "main_workflow.ga",
      "@type": [
        "File",
        "SoftwareSourceCode",
        "ComputationalWorkflow"
      ],
      "author": [
        {
          "@id": "#e0227e03-159d-4a86-9065-3b1ec42be5f8"
        },
        {
          "@id": "#58e03126-6006-425c-a40e-1a48abd1a2dd"
        },
        {
          "@id": "#d0fbb4f7-4574-4ba0-baaa-74f9286208af"
        },
        {
          "@id": "#43ea9a72-2488-46c5-906d-ca976dfebf78"
        }
      ],
      "license": {
        "@id": "https://spdx.org/licenses/GPL-3.0-or-later"
      },
      "name": "Genome Assembly using PacBio data",
      "version": 4,
      "programmingLanguage": {
        "@id": "https://w3id.org/workflowhub/workflow-ro-crate#galaxy"
      }
    },
    {
      "@id": "https://spdx.org/licenses/GPL-3.0-or-later",
      "@type": "CreativeWork",
      "name": "GPL-3.0-or-later"
    },
    {
      "@id": "https://w3id.org/workflowhub/workflow-ro-crate#galaxy",
      "@type": "ComputerLanguage",
      "identifier": {
        "@id": "https://galaxyproject.org/"
      },
      "name": "Galaxy",
      "url": {
        "@id": "https://galaxyproject.org/"
      },
      "version": "23.1"
    },
    {
      "@id": "#e0227e03-159d-4a86-9065-3b1ec42be5f8",
      "@type": "Person",
      "name": "Erwan Corre"
    },
    {
      "@id": "#58e03126-6006-425c-a40e-1a48abd1a2dd",
      "@type": "Person",
      "name": "Stéphanie Robin"
    },
    {
      "@id": "#d0fbb4f7-4574-4ba0-baaa-74f9286208af",
      "@type": "Person",
      "name": "Anthony Bretaudeau"
    },
    {
      "@id": "#43ea9a72-2488-46c5-906d-ca976dfebf78",
      "@type": "Person",
      "name": "Alexandre Cormier"
    }
  ]
}