{
  "@context": "https://w3id.org/ro/crate/1.1/context",
  "@graph": [
    {
      "@id": "ro-crate-metadata.json",
      "@type": "CreativeWork",
      "about": {
        "@id": "./"
      },
      "conformsTo": [
        {
          "@id": "https://w3id.org/ro/crate/1.1"
        },
        {
          "@id": "https://about.workflowhub.eu/Workflow-RO-Crate/"
        }
      ]
    },
    {
      "@id": "./",
      "@type": "Dataset",
      "datePublished": "2023-11-20T01:07:05.780+00:00",
      "mainEntity": {
        "@id": "main_workflow.ga"
      }
    },
    {
      "@id": "main_workflow.ga",
      "@type": [
        "File",
        "SoftwareSourceCode",
        "ComputationalWorkflow"
      ],
      "author": [
        {
          "@id": "#07c4c49b-a78b-4120-bdbc-beeb7e1f2a39"
        },
        {
          "@id": "#e28bd0c0-1ce9-4244-808f-0cfb52f1414f"
        },
        {
          "@id": "#21b8e2e7-0e19-4f7b-8706-f3c41cbaa4ed"
        },
        {
          "@id": "#0bb4bf00-e133-4e15-8059-985c892d714a"
        }
      ],
      "license": {
        "@id": "https://spdx.org/licenses/GPL-3.0-or-later"
      },
      "name": "Genome Assembly using PacBio data",
      "version": 4,
      "programmingLanguage": {
        "@id": "https://w3id.org/workflowhub/workflow-ro-crate#galaxy"
      }
    },
    {
      "@id": "https://spdx.org/licenses/GPL-3.0-or-later",
      "@type": "CreativeWork",
      "name": "GPL-3.0-or-later"
    },
    {
      "@id": "https://w3id.org/workflowhub/workflow-ro-crate#galaxy",
      "@type": "ComputerLanguage",
      "identifier": {
        "@id": "https://galaxyproject.org/"
      },
      "name": "Galaxy",
      "url": {
        "@id": "https://galaxyproject.org/"
      },
      "version": "23.1"
    },
    {
      "@id": "#07c4c49b-a78b-4120-bdbc-beeb7e1f2a39",
      "@type": "Person",
      "name": "Erwan Corre"
    },
    {
      "@id": "#e28bd0c0-1ce9-4244-808f-0cfb52f1414f",
      "@type": "Person",
      "name": "Stéphanie Robin"
    },
    {
      "@id": "#21b8e2e7-0e19-4f7b-8706-f3c41cbaa4ed",
      "@type": "Person",
      "name": "Anthony Bretaudeau"
    },
    {
      "@id": "#0bb4bf00-e133-4e15-8059-985c892d714a",
      "@type": "Person",
      "name": "Alexandre Cormier"
    }
  ]
}