{
  "@context": "https://w3id.org/ro/crate/1.1/context",
  "@graph": [
    {
      "@id": "ro-crate-metadata.json",
      "@type": "CreativeWork",
      "about": {
        "@id": "./"
      },
      "conformsTo": [
        {
          "@id": "https://w3id.org/ro/crate/1.1"
        },
        {
          "@id": "https://about.workflowhub.eu/Workflow-RO-Crate/"
        }
      ]
    },
    {
      "@id": "./",
      "@type": "Dataset",
      "datePublished": "2023-11-23T01:06:17.241+00:00",
      "mainEntity": {
        "@id": "main_workflow.ga"
      }
    },
    {
      "@id": "main_workflow.ga",
      "@type": [
        "File",
        "SoftwareSourceCode",
        "ComputationalWorkflow"
      ],
      "author": [
        {
          "@id": "#441cd47b-4c1b-4d74-86d8-5d909aca15b2"
        },
        {
          "@id": "#523421fe-ce4d-4214-9676-082c33eaecdf"
        },
        {
          "@id": "#ee2981b2-0430-4359-bde8-fb547ee4c140"
        },
        {
          "@id": "#6ce64e42-fc79-4127-bd19-52b4af2b5b57"
        }
      ],
      "license": {
        "@id": "https://spdx.org/licenses/GPL-3.0-or-later"
      },
      "name": "Genome Assembly using PacBio data",
      "version": 4,
      "programmingLanguage": {
        "@id": "https://w3id.org/workflowhub/workflow-ro-crate#galaxy"
      }
    },
    {
      "@id": "https://spdx.org/licenses/GPL-3.0-or-later",
      "@type": "CreativeWork",
      "name": "GPL-3.0-or-later"
    },
    {
      "@id": "https://w3id.org/workflowhub/workflow-ro-crate#galaxy",
      "@type": "ComputerLanguage",
      "identifier": {
        "@id": "https://galaxyproject.org/"
      },
      "name": "Galaxy",
      "url": {
        "@id": "https://galaxyproject.org/"
      },
      "version": "23.1"
    },
    {
      "@id": "#441cd47b-4c1b-4d74-86d8-5d909aca15b2",
      "@type": "Person",
      "name": "Erwan Corre"
    },
    {
      "@id": "#523421fe-ce4d-4214-9676-082c33eaecdf",
      "@type": "Person",
      "name": "Stéphanie Robin"
    },
    {
      "@id": "#ee2981b2-0430-4359-bde8-fb547ee4c140",
      "@type": "Person",
      "name": "Anthony Bretaudeau"
    },
    {
      "@id": "#6ce64e42-fc79-4127-bd19-52b4af2b5b57",
      "@type": "Person",
      "name": "Alexandre Cormier"
    }
  ]
}