{
  "@context": "https://w3id.org/ro/crate/1.1/context",
  "@graph": [
    {
      "@id": "ro-crate-metadata.json",
      "@type": "CreativeWork",
      "about": {
        "@id": "./"
      },
      "conformsTo": [
        {
          "@id": "https://w3id.org/ro/crate/1.1"
        },
        {
          "@id": "https://about.workflowhub.eu/Workflow-RO-Crate/"
        }
      ]
    },
    {
      "@id": "./",
      "@type": "Dataset",
      "datePublished": "2023-11-21T01:08:46.668+00:00",
      "mainEntity": {
        "@id": "main_workflow.ga"
      }
    },
    {
      "@id": "main_workflow.ga",
      "@type": [
        "File",
        "SoftwareSourceCode",
        "ComputationalWorkflow"
      ],
      "author": [
        {
          "@id": "#a4855946-0e35-4c9f-a48a-9a8f9ff673a8"
        },
        {
          "@id": "#b2e78018-b502-4d68-84e4-5f8a338fe5e9"
        },
        {
          "@id": "#a88de56a-25ac-410c-bcbe-f194114fdb5a"
        },
        {
          "@id": "#3e3f28c4-dd9a-4542-be27-b75dfb0be75e"
        }
      ],
      "license": {
        "@id": "https://spdx.org/licenses/GPL-3.0-or-later"
      },
      "name": "Genome Assembly using PacBio data",
      "version": 4,
      "programmingLanguage": {
        "@id": "https://w3id.org/workflowhub/workflow-ro-crate#galaxy"
      }
    },
    {
      "@id": "https://spdx.org/licenses/GPL-3.0-or-later",
      "@type": "CreativeWork",
      "name": "GPL-3.0-or-later"
    },
    {
      "@id": "https://w3id.org/workflowhub/workflow-ro-crate#galaxy",
      "@type": "ComputerLanguage",
      "identifier": {
        "@id": "https://galaxyproject.org/"
      },
      "name": "Galaxy",
      "url": {
        "@id": "https://galaxyproject.org/"
      },
      "version": "23.1"
    },
    {
      "@id": "#a4855946-0e35-4c9f-a48a-9a8f9ff673a8",
      "@type": "Person",
      "name": "Erwan Corre"
    },
    {
      "@id": "#b2e78018-b502-4d68-84e4-5f8a338fe5e9",
      "@type": "Person",
      "name": "Stéphanie Robin"
    },
    {
      "@id": "#a88de56a-25ac-410c-bcbe-f194114fdb5a",
      "@type": "Person",
      "name": "Anthony Bretaudeau"
    },
    {
      "@id": "#3e3f28c4-dd9a-4542-be27-b75dfb0be75e",
      "@type": "Person",
      "name": "Alexandre Cormier"
    }
  ]
}