{
  "@context": "https://w3id.org/ro/crate/1.1/context",
  "@graph": [
    {
      "@id": "ro-crate-metadata.json",
      "@type": "CreativeWork",
      "about": {
        "@id": "./"
      },
      "conformsTo": [
        {
          "@id": "https://w3id.org/ro/crate/1.1"
        },
        {
          "@id": "https://about.workflowhub.eu/Workflow-RO-Crate/"
        }
      ]
    },
    {
      "@id": "./",
      "@type": "Dataset",
      "datePublished": "2023-11-29T01:07:15.763+00:00",
      "mainEntity": {
        "@id": "main_workflow.ga"
      }
    },
    {
      "@id": "main_workflow.ga",
      "@type": [
        "File",
        "SoftwareSourceCode",
        "ComputationalWorkflow"
      ],
      "author": [
        {
          "@id": "#ef30f33c-aaee-4c54-a62b-6bfbde484723"
        },
        {
          "@id": "#05875836-0634-48c6-9f8c-9bae867fa96f"
        },
        {
          "@id": "#3c7d5520-c77e-4e2b-abfe-dcc1043ac3fb"
        },
        {
          "@id": "#d0823a1e-e1b2-42aa-bda4-8059f931fac6"
        }
      ],
      "license": {
        "@id": "https://spdx.org/licenses/GPL-3.0-or-later"
      },
      "name": "Genome Assembly using PacBio data",
      "version": 4,
      "programmingLanguage": {
        "@id": "https://w3id.org/workflowhub/workflow-ro-crate#galaxy"
      }
    },
    {
      "@id": "https://spdx.org/licenses/GPL-3.0-or-later",
      "@type": "CreativeWork",
      "name": "GPL-3.0-or-later"
    },
    {
      "@id": "https://w3id.org/workflowhub/workflow-ro-crate#galaxy",
      "@type": "ComputerLanguage",
      "identifier": {
        "@id": "https://galaxyproject.org/"
      },
      "name": "Galaxy",
      "url": {
        "@id": "https://galaxyproject.org/"
      },
      "version": "23.1"
    },
    {
      "@id": "#ef30f33c-aaee-4c54-a62b-6bfbde484723",
      "@type": "Person",
      "name": "Erwan Corre"
    },
    {
      "@id": "#05875836-0634-48c6-9f8c-9bae867fa96f",
      "@type": "Person",
      "name": "Stéphanie Robin"
    },
    {
      "@id": "#3c7d5520-c77e-4e2b-abfe-dcc1043ac3fb",
      "@type": "Person",
      "name": "Anthony Bretaudeau"
    },
    {
      "@id": "#d0823a1e-e1b2-42aa-bda4-8059f931fac6",
      "@type": "Person",
      "name": "Alexandre Cormier"
    }
  ]
}