{
  "@context": "https://w3id.org/ro/crate/1.1/context",
  "@graph": [
    {
      "@id": "ro-crate-metadata.json",
      "@type": "CreativeWork",
      "about": {
        "@id": "./"
      },
      "conformsTo": [
        {
          "@id": "https://w3id.org/ro/crate/1.1"
        },
        {
          "@id": "https://about.workflowhub.eu/Workflow-RO-Crate/"
        }
      ]
    },
    {
      "@id": "./",
      "@type": "Dataset",
      "datePublished": "2023-11-18T01:05:37.875+00:00",
      "mainEntity": {
        "@id": "main_workflow.ga"
      }
    },
    {
      "@id": "main_workflow.ga",
      "@type": [
        "File",
        "SoftwareSourceCode",
        "ComputationalWorkflow"
      ],
      "author": [
        {
          "@id": "#c407acb5-adf7-4928-ad8d-3ece5f15ab70"
        },
        {
          "@id": "#7899c2d4-b2c5-4654-a8eb-e00fdd36e2b3"
        },
        {
          "@id": "#76b42403-81b9-4366-824b-f9dc33480255"
        },
        {
          "@id": "#20a36d57-1853-4553-9971-0282cc024b76"
        }
      ],
      "license": {
        "@id": "https://spdx.org/licenses/GPL-3.0-or-later"
      },
      "name": "Genome Assembly using PacBio data",
      "version": 4,
      "programmingLanguage": {
        "@id": "https://w3id.org/workflowhub/workflow-ro-crate#galaxy"
      }
    },
    {
      "@id": "https://spdx.org/licenses/GPL-3.0-or-later",
      "@type": "CreativeWork",
      "name": "GPL-3.0-or-later"
    },
    {
      "@id": "https://w3id.org/workflowhub/workflow-ro-crate#galaxy",
      "@type": "ComputerLanguage",
      "identifier": {
        "@id": "https://galaxyproject.org/"
      },
      "name": "Galaxy",
      "url": {
        "@id": "https://galaxyproject.org/"
      },
      "version": "23.1"
    },
    {
      "@id": "#c407acb5-adf7-4928-ad8d-3ece5f15ab70",
      "@type": "Person",
      "name": "Erwan Corre"
    },
    {
      "@id": "#7899c2d4-b2c5-4654-a8eb-e00fdd36e2b3",
      "@type": "Person",
      "name": "Stéphanie Robin"
    },
    {
      "@id": "#76b42403-81b9-4366-824b-f9dc33480255",
      "@type": "Person",
      "name": "Anthony Bretaudeau"
    },
    {
      "@id": "#20a36d57-1853-4553-9971-0282cc024b76",
      "@type": "Person",
      "name": "Alexandre Cormier"
    }
  ]
}