{
  "@context": "https://w3id.org/ro/crate/1.1/context",
  "@graph": [
    {
      "@id": "ro-crate-metadata.json",
      "@type": "CreativeWork",
      "about": {
        "@id": "./"
      },
      "conformsTo": [
        {
          "@id": "https://w3id.org/ro/crate/1.1"
        },
        {
          "@id": "https://about.workflowhub.eu/Workflow-RO-Crate/"
        }
      ]
    },
    {
      "@id": "./",
      "@type": "Dataset",
      "datePublished": "2023-12-03T01:10:13.471+00:00",
      "mainEntity": {
        "@id": "main_workflow.ga"
      }
    },
    {
      "@id": "main_workflow.ga",
      "@type": [
        "File",
        "SoftwareSourceCode",
        "ComputationalWorkflow"
      ],
      "author": [
        {
          "@id": "#cd591f23-0fbe-4eb9-b90c-3d3c4428139f"
        },
        {
          "@id": "#f7082f0d-28c2-42f4-9b07-030968e839ab"
        },
        {
          "@id": "#0e823728-3810-4ccc-a1d5-ea2ab929d5c2"
        },
        {
          "@id": "#0e7f0cea-4ab0-405b-bd86-3b6501df136f"
        }
      ],
      "license": {
        "@id": "https://spdx.org/licenses/GPL-3.0-or-later"
      },
      "name": "Genome Assembly using PacBio data",
      "version": 4,
      "programmingLanguage": {
        "@id": "https://w3id.org/workflowhub/workflow-ro-crate#galaxy"
      }
    },
    {
      "@id": "https://spdx.org/licenses/GPL-3.0-or-later",
      "@type": "CreativeWork",
      "name": "GPL-3.0-or-later"
    },
    {
      "@id": "https://w3id.org/workflowhub/workflow-ro-crate#galaxy",
      "@type": "ComputerLanguage",
      "identifier": {
        "@id": "https://galaxyproject.org/"
      },
      "name": "Galaxy",
      "url": {
        "@id": "https://galaxyproject.org/"
      },
      "version": "23.1"
    },
    {
      "@id": "#cd591f23-0fbe-4eb9-b90c-3d3c4428139f",
      "@type": "Person",
      "name": "Erwan Corre"
    },
    {
      "@id": "#f7082f0d-28c2-42f4-9b07-030968e839ab",
      "@type": "Person",
      "name": "Stéphanie Robin"
    },
    {
      "@id": "#0e823728-3810-4ccc-a1d5-ea2ab929d5c2",
      "@type": "Person",
      "name": "Anthony Bretaudeau"
    },
    {
      "@id": "#0e7f0cea-4ab0-405b-bd86-3b6501df136f",
      "@type": "Person",
      "name": "Alexandre Cormier"
    }
  ]
}