{
  "@context": "https://w3id.org/ro/crate/1.1/context",
  "@graph": [
    {
      "@id": "ro-crate-metadata.json",
      "@type": "CreativeWork",
      "about": {
        "@id": "./"
      },
      "conformsTo": [
        {
          "@id": "https://w3id.org/ro/crate/1.1"
        },
        {
          "@id": "https://about.workflowhub.eu/Workflow-RO-Crate/"
        }
      ]
    },
    {
      "@id": "./",
      "@type": "Dataset",
      "datePublished": "2023-12-02T01:03:36.617+00:00",
      "mainEntity": {
        "@id": "main_workflow.ga"
      }
    },
    {
      "@id": "main_workflow.ga",
      "@type": [
        "File",
        "SoftwareSourceCode",
        "ComputationalWorkflow"
      ],
      "author": [
        {
          "@id": "#e14efd66-2e2c-41e6-a5b3-0b30c6c047a0"
        },
        {
          "@id": "#b3e73cbc-a76c-4854-8504-16d2a565afa5"
        },
        {
          "@id": "#4f70bd84-0373-4c53-a07e-73a8f29a38f5"
        },
        {
          "@id": "#5303008c-3ac1-409f-b8ab-f34e20e27bb6"
        }
      ],
      "license": {
        "@id": "https://spdx.org/licenses/GPL-3.0-or-later"
      },
      "name": "Genome Assembly using PacBio data",
      "version": 4,
      "programmingLanguage": {
        "@id": "https://w3id.org/workflowhub/workflow-ro-crate#galaxy"
      }
    },
    {
      "@id": "https://spdx.org/licenses/GPL-3.0-or-later",
      "@type": "CreativeWork",
      "name": "GPL-3.0-or-later"
    },
    {
      "@id": "https://w3id.org/workflowhub/workflow-ro-crate#galaxy",
      "@type": "ComputerLanguage",
      "identifier": {
        "@id": "https://galaxyproject.org/"
      },
      "name": "Galaxy",
      "url": {
        "@id": "https://galaxyproject.org/"
      },
      "version": "23.1"
    },
    {
      "@id": "#e14efd66-2e2c-41e6-a5b3-0b30c6c047a0",
      "@type": "Person",
      "name": "Erwan Corre"
    },
    {
      "@id": "#b3e73cbc-a76c-4854-8504-16d2a565afa5",
      "@type": "Person",
      "name": "Stéphanie Robin"
    },
    {
      "@id": "#4f70bd84-0373-4c53-a07e-73a8f29a38f5",
      "@type": "Person",
      "name": "Anthony Bretaudeau"
    },
    {
      "@id": "#5303008c-3ac1-409f-b8ab-f34e20e27bb6",
      "@type": "Person",
      "name": "Alexandre Cormier"
    }
  ]
}