{
  "@context": "https://w3id.org/ro/crate/1.1/context",
  "@graph": [
    {
      "@id": "ro-crate-metadata.json",
      "@type": "CreativeWork",
      "about": {
        "@id": "./"
      },
      "conformsTo": [
        {
          "@id": "https://w3id.org/ro/crate/1.1"
        },
        {
          "@id": "https://about.workflowhub.eu/Workflow-RO-Crate/"
        }
      ]
    },
    {
      "@id": "./",
      "@type": "Dataset",
      "datePublished": "2023-11-17T01:06:29.387+00:00",
      "mainEntity": {
        "@id": "main_workflow.ga"
      }
    },
    {
      "@id": "main_workflow.ga",
      "@type": [
        "File",
        "SoftwareSourceCode",
        "ComputationalWorkflow"
      ],
      "author": [
        {
          "@id": "#be82e461-87fb-43fc-adbd-221099a9fcd4"
        },
        {
          "@id": "#473f4bb3-94f1-45a5-95ef-74110ba5b2a8"
        },
        {
          "@id": "#4e35d595-11c3-4c85-8869-e57ba7d0d4b5"
        },
        {
          "@id": "#4813011b-96d6-4913-a349-f05a02f9c659"
        }
      ],
      "license": {
        "@id": "https://spdx.org/licenses/GPL-3.0-or-later"
      },
      "name": "Genome Assembly using PacBio data",
      "version": 4,
      "programmingLanguage": {
        "@id": "https://w3id.org/workflowhub/workflow-ro-crate#galaxy"
      }
    },
    {
      "@id": "https://spdx.org/licenses/GPL-3.0-or-later",
      "@type": "CreativeWork",
      "name": "GPL-3.0-or-later"
    },
    {
      "@id": "https://w3id.org/workflowhub/workflow-ro-crate#galaxy",
      "@type": "ComputerLanguage",
      "identifier": {
        "@id": "https://galaxyproject.org/"
      },
      "name": "Galaxy",
      "url": {
        "@id": "https://galaxyproject.org/"
      },
      "version": "23.1"
    },
    {
      "@id": "#be82e461-87fb-43fc-adbd-221099a9fcd4",
      "@type": "Person",
      "name": "Erwan Corre"
    },
    {
      "@id": "#473f4bb3-94f1-45a5-95ef-74110ba5b2a8",
      "@type": "Person",
      "name": "Stéphanie Robin"
    },
    {
      "@id": "#4e35d595-11c3-4c85-8869-e57ba7d0d4b5",
      "@type": "Person",
      "name": "Anthony Bretaudeau"
    },
    {
      "@id": "#4813011b-96d6-4913-a349-f05a02f9c659",
      "@type": "Person",
      "name": "Alexandre Cormier"
    }
  ]
}