{
  "@context": "https://w3id.org/ro/crate/1.1/context",
  "@graph": [
    {
      "@id": "ro-crate-metadata.json",
      "@type": "CreativeWork",
      "about": {
        "@id": "./"
      },
      "conformsTo": [
        {
          "@id": "https://w3id.org/ro/crate/1.1"
        },
        {
          "@id": "https://about.workflowhub.eu/Workflow-RO-Crate/"
        }
      ]
    },
    {
      "@id": "./",
      "@type": "Dataset",
      "datePublished": "2023-12-01T01:14:02.337+00:00",
      "mainEntity": {
        "@id": "main_workflow.ga"
      }
    },
    {
      "@id": "main_workflow.ga",
      "@type": [
        "File",
        "SoftwareSourceCode",
        "ComputationalWorkflow"
      ],
      "author": [
        {
          "@id": "#6af0da79-dcf4-4695-821d-3098b7bf4dea"
        },
        {
          "@id": "#bd82dcf9-1f91-40c2-8fea-f9b8fff4c911"
        },
        {
          "@id": "#87852e04-b01f-483c-9730-f314cc1908be"
        },
        {
          "@id": "#d9ed7710-2964-49a8-a390-3d9a3234b289"
        }
      ],
      "license": {
        "@id": "https://spdx.org/licenses/GPL-3.0-or-later"
      },
      "name": "Genome Assembly using PacBio data",
      "version": 4,
      "programmingLanguage": {
        "@id": "https://w3id.org/workflowhub/workflow-ro-crate#galaxy"
      }
    },
    {
      "@id": "https://spdx.org/licenses/GPL-3.0-or-later",
      "@type": "CreativeWork",
      "name": "GPL-3.0-or-later"
    },
    {
      "@id": "https://w3id.org/workflowhub/workflow-ro-crate#galaxy",
      "@type": "ComputerLanguage",
      "identifier": {
        "@id": "https://galaxyproject.org/"
      },
      "name": "Galaxy",
      "url": {
        "@id": "https://galaxyproject.org/"
      },
      "version": "23.1"
    },
    {
      "@id": "#6af0da79-dcf4-4695-821d-3098b7bf4dea",
      "@type": "Person",
      "name": "Erwan Corre"
    },
    {
      "@id": "#bd82dcf9-1f91-40c2-8fea-f9b8fff4c911",
      "@type": "Person",
      "name": "Stéphanie Robin"
    },
    {
      "@id": "#87852e04-b01f-483c-9730-f314cc1908be",
      "@type": "Person",
      "name": "Anthony Bretaudeau"
    },
    {
      "@id": "#d9ed7710-2964-49a8-a390-3d9a3234b289",
      "@type": "Person",
      "name": "Alexandre Cormier"
    }
  ]
}