{
  "@context": "https://w3id.org/ro/crate/1.1/context",
  "@graph": [
    {
      "@id": "ro-crate-metadata.json",
      "@type": "CreativeWork",
      "about": {
        "@id": "./"
      },
      "conformsTo": [
        {
          "@id": "https://w3id.org/ro/crate/1.1"
        },
        {
          "@id": "https://about.workflowhub.eu/Workflow-RO-Crate/"
        }
      ]
    },
    {
      "@id": "./",
      "@type": "Dataset",
      "datePublished": "2023-11-15T01:05:53.262+00:00",
      "mainEntity": {
        "@id": "main_workflow.ga"
      }
    },
    {
      "@id": "main_workflow.ga",
      "@type": [
        "File",
        "SoftwareSourceCode",
        "ComputationalWorkflow"
      ],
      "author": [
        {
          "@id": "#c2db1e88-29af-4ace-a529-a597da39546e"
        },
        {
          "@id": "#21f5db42-9b40-40f3-aa64-121bd9f3e92c"
        },
        {
          "@id": "#7a63589f-018c-47c1-a89e-077d45a28ac7"
        },
        {
          "@id": "#62924cf7-2f76-4593-add7-67de85ddf4fc"
        }
      ],
      "license": {
        "@id": "https://spdx.org/licenses/GPL-3.0-or-later"
      },
      "name": "Genome Assembly using PacBio data",
      "version": 4,
      "programmingLanguage": {
        "@id": "https://w3id.org/workflowhub/workflow-ro-crate#galaxy"
      }
    },
    {
      "@id": "https://spdx.org/licenses/GPL-3.0-or-later",
      "@type": "CreativeWork",
      "name": "GPL-3.0-or-later"
    },
    {
      "@id": "https://w3id.org/workflowhub/workflow-ro-crate#galaxy",
      "@type": "ComputerLanguage",
      "identifier": {
        "@id": "https://galaxyproject.org/"
      },
      "name": "Galaxy",
      "url": {
        "@id": "https://galaxyproject.org/"
      },
      "version": "23.1"
    },
    {
      "@id": "#c2db1e88-29af-4ace-a529-a597da39546e",
      "@type": "Person",
      "name": "Erwan Corre"
    },
    {
      "@id": "#21f5db42-9b40-40f3-aa64-121bd9f3e92c",
      "@type": "Person",
      "name": "Stéphanie Robin"
    },
    {
      "@id": "#7a63589f-018c-47c1-a89e-077d45a28ac7",
      "@type": "Person",
      "name": "Anthony Bretaudeau"
    },
    {
      "@id": "#62924cf7-2f76-4593-add7-67de85ddf4fc",
      "@type": "Person",
      "name": "Alexandre Cormier"
    }
  ]
}