{
  "@context": "https://w3id.org/ro/crate/1.1/context",
  "@graph": [
    {
      "@id": "ro-crate-metadata.json",
      "@type": "CreativeWork",
      "about": {
        "@id": "./"
      },
      "conformsTo": [
        {
          "@id": "https://w3id.org/ro/crate/1.1"
        },
        {
          "@id": "https://about.workflowhub.eu/Workflow-RO-Crate/"
        }
      ]
    },
    {
      "@id": "./",
      "@type": "Dataset",
      "datePublished": "2023-12-05T01:07:37.654+00:00",
      "mainEntity": {
        "@id": "main_workflow.ga"
      }
    },
    {
      "@id": "main_workflow.ga",
      "@type": [
        "File",
        "SoftwareSourceCode",
        "ComputationalWorkflow"
      ],
      "author": [
        {
          "@id": "#8e7b8fa5-873c-41e9-b988-bc3ba1e5c6bb"
        },
        {
          "@id": "#2ef3021a-3a90-4f6d-be2a-413e693c4e74"
        },
        {
          "@id": "#6fd011cb-4a84-46ba-b239-4f301f54151a"
        },
        {
          "@id": "#dfb6f8c6-30c3-46f4-856c-54b6cf8a57e5"
        }
      ],
      "license": {
        "@id": "https://spdx.org/licenses/GPL-3.0-or-later"
      },
      "name": "Genome Assembly using PacBio data",
      "version": 4,
      "programmingLanguage": {
        "@id": "https://w3id.org/workflowhub/workflow-ro-crate#galaxy"
      }
    },
    {
      "@id": "https://spdx.org/licenses/GPL-3.0-or-later",
      "@type": "CreativeWork",
      "name": "GPL-3.0-or-later"
    },
    {
      "@id": "https://w3id.org/workflowhub/workflow-ro-crate#galaxy",
      "@type": "ComputerLanguage",
      "identifier": {
        "@id": "https://galaxyproject.org/"
      },
      "name": "Galaxy",
      "url": {
        "@id": "https://galaxyproject.org/"
      },
      "version": "23.1"
    },
    {
      "@id": "#8e7b8fa5-873c-41e9-b988-bc3ba1e5c6bb",
      "@type": "Person",
      "name": "Erwan Corre"
    },
    {
      "@id": "#2ef3021a-3a90-4f6d-be2a-413e693c4e74",
      "@type": "Person",
      "name": "Stéphanie Robin"
    },
    {
      "@id": "#6fd011cb-4a84-46ba-b239-4f301f54151a",
      "@type": "Person",
      "name": "Anthony Bretaudeau"
    },
    {
      "@id": "#dfb6f8c6-30c3-46f4-856c-54b6cf8a57e5",
      "@type": "Person",
      "name": "Alexandre Cormier"
    }
  ]
}