{
  "@context": "https://w3id.org/ro/crate/1.1/context",
  "@graph": [
    {
      "@id": "ro-crate-metadata.json",
      "@type": "CreativeWork",
      "about": {
        "@id": "./"
      },
      "conformsTo": [
        {
          "@id": "https://w3id.org/ro/crate/1.1"
        },
        {
          "@id": "https://about.workflowhub.eu/Workflow-RO-Crate/"
        }
      ]
    },
    {
      "@id": "./",
      "@type": "Dataset",
      "datePublished": "2023-11-30T01:06:34.351+00:00",
      "mainEntity": {
        "@id": "main_workflow.ga"
      }
    },
    {
      "@id": "main_workflow.ga",
      "@type": [
        "File",
        "SoftwareSourceCode",
        "ComputationalWorkflow"
      ],
      "author": [
        {
          "@id": "#ebaf71ad-47e9-41f0-90b6-5f83868c130c"
        },
        {
          "@id": "#cd19f896-14cc-424c-bf6e-aa0e8f5e6a37"
        },
        {
          "@id": "#7fab8ee7-b3e5-4a81-b2c7-ca1b3d43ecb6"
        },
        {
          "@id": "#7a909c17-4914-4dd7-b911-9362c33bd158"
        }
      ],
      "license": {
        "@id": "https://spdx.org/licenses/GPL-3.0-or-later"
      },
      "name": "Genome Assembly using PacBio data",
      "version": 4,
      "programmingLanguage": {
        "@id": "https://w3id.org/workflowhub/workflow-ro-crate#galaxy"
      }
    },
    {
      "@id": "https://spdx.org/licenses/GPL-3.0-or-later",
      "@type": "CreativeWork",
      "name": "GPL-3.0-or-later"
    },
    {
      "@id": "https://w3id.org/workflowhub/workflow-ro-crate#galaxy",
      "@type": "ComputerLanguage",
      "identifier": {
        "@id": "https://galaxyproject.org/"
      },
      "name": "Galaxy",
      "url": {
        "@id": "https://galaxyproject.org/"
      },
      "version": "23.1"
    },
    {
      "@id": "#ebaf71ad-47e9-41f0-90b6-5f83868c130c",
      "@type": "Person",
      "name": "Erwan Corre"
    },
    {
      "@id": "#cd19f896-14cc-424c-bf6e-aa0e8f5e6a37",
      "@type": "Person",
      "name": "Stéphanie Robin"
    },
    {
      "@id": "#7fab8ee7-b3e5-4a81-b2c7-ca1b3d43ecb6",
      "@type": "Person",
      "name": "Anthony Bretaudeau"
    },
    {
      "@id": "#7a909c17-4914-4dd7-b911-9362c33bd158",
      "@type": "Person",
      "name": "Alexandre Cormier"
    }
  ]
}