{
  "@context": "https://w3id.org/ro/crate/1.1/context",
  "@graph": [
    {
      "@id": "ro-crate-metadata.json",
      "@type": "CreativeWork",
      "about": {
        "@id": "./"
      },
      "conformsTo": [
        {
          "@id": "https://w3id.org/ro/crate/1.1"
        },
        {
          "@id": "https://about.workflowhub.eu/Workflow-RO-Crate/"
        }
      ]
    },
    {
      "@id": "./",
      "@type": "Dataset",
      "datePublished": "2023-11-12T01:09:51.268+00:00",
      "mainEntity": {
        "@id": "main_workflow.ga"
      }
    },
    {
      "@id": "main_workflow.ga",
      "@type": [
        "File",
        "SoftwareSourceCode",
        "ComputationalWorkflow"
      ],
      "author": [
        {
          "@id": "#e114adac-1497-4ec3-8aef-a13747cf1789"
        },
        {
          "@id": "#697f9357-6c04-425b-a554-7e97b4cc9256"
        },
        {
          "@id": "#1c13adec-b84a-4da7-b30f-e09c85d9b475"
        },
        {
          "@id": "#88ec4eee-d972-4534-8914-c4cd03ab67a3"
        }
      ],
      "license": {
        "@id": "https://spdx.org/licenses/GPL-3.0-or-later"
      },
      "name": "Genome Assembly using PacBio data",
      "version": 4,
      "programmingLanguage": {
        "@id": "https://w3id.org/workflowhub/workflow-ro-crate#galaxy"
      }
    },
    {
      "@id": "https://spdx.org/licenses/GPL-3.0-or-later",
      "@type": "CreativeWork",
      "name": "GPL-3.0-or-later"
    },
    {
      "@id": "https://w3id.org/workflowhub/workflow-ro-crate#galaxy",
      "@type": "ComputerLanguage",
      "identifier": {
        "@id": "https://galaxyproject.org/"
      },
      "name": "Galaxy",
      "url": {
        "@id": "https://galaxyproject.org/"
      },
      "version": "23.1"
    },
    {
      "@id": "#e114adac-1497-4ec3-8aef-a13747cf1789",
      "@type": "Person",
      "name": "Erwan Corre"
    },
    {
      "@id": "#697f9357-6c04-425b-a554-7e97b4cc9256",
      "@type": "Person",
      "name": "Stéphanie Robin"
    },
    {
      "@id": "#1c13adec-b84a-4da7-b30f-e09c85d9b475",
      "@type": "Person",
      "name": "Anthony Bretaudeau"
    },
    {
      "@id": "#88ec4eee-d972-4534-8914-c4cd03ab67a3",
      "@type": "Person",
      "name": "Alexandre Cormier"
    }
  ]
}