{
  "@context": "https://w3id.org/ro/crate/1.1/context",
  "@graph": [
    {
      "@id": "ro-crate-metadata.json",
      "@type": "CreativeWork",
      "about": {
        "@id": "./"
      },
      "conformsTo": [
        {
          "@id": "https://w3id.org/ro/crate/1.1"
        },
        {
          "@id": "https://about.workflowhub.eu/Workflow-RO-Crate/"
        }
      ]
    },
    {
      "@id": "./",
      "@type": "Dataset",
      "datePublished": "2023-11-14T01:06:41.709+00:00",
      "mainEntity": {
        "@id": "main_workflow.ga"
      }
    },
    {
      "@id": "main_workflow.ga",
      "@type": [
        "File",
        "SoftwareSourceCode",
        "ComputationalWorkflow"
      ],
      "author": [
        {
          "@id": "#a821880f-c1fd-4aaf-a913-095fb8a5d36c"
        },
        {
          "@id": "#d3438166-47af-43d3-9186-3ec147867e13"
        },
        {
          "@id": "#b999e1c7-5a4a-4ccc-9130-473f97b6138f"
        },
        {
          "@id": "#3c43f1f8-6b75-47cf-aa37-d1ff4fd2fbda"
        }
      ],
      "license": {
        "@id": "https://spdx.org/licenses/GPL-3.0-or-later"
      },
      "name": "Genome Assembly using PacBio data",
      "version": 4,
      "programmingLanguage": {
        "@id": "https://w3id.org/workflowhub/workflow-ro-crate#galaxy"
      }
    },
    {
      "@id": "https://spdx.org/licenses/GPL-3.0-or-later",
      "@type": "CreativeWork",
      "name": "GPL-3.0-or-later"
    },
    {
      "@id": "https://w3id.org/workflowhub/workflow-ro-crate#galaxy",
      "@type": "ComputerLanguage",
      "identifier": {
        "@id": "https://galaxyproject.org/"
      },
      "name": "Galaxy",
      "url": {
        "@id": "https://galaxyproject.org/"
      },
      "version": "23.1"
    },
    {
      "@id": "#a821880f-c1fd-4aaf-a913-095fb8a5d36c",
      "@type": "Person",
      "name": "Erwan Corre"
    },
    {
      "@id": "#d3438166-47af-43d3-9186-3ec147867e13",
      "@type": "Person",
      "name": "Stéphanie Robin"
    },
    {
      "@id": "#b999e1c7-5a4a-4ccc-9130-473f97b6138f",
      "@type": "Person",
      "name": "Anthony Bretaudeau"
    },
    {
      "@id": "#3c43f1f8-6b75-47cf-aa37-d1ff4fd2fbda",
      "@type": "Person",
      "name": "Alexandre Cormier"
    }
  ]
}