{
  "@context": "https://w3id.org/ro/crate/1.1/context",
  "@graph": [
    {
      "@id": "ro-crate-metadata.json",
      "@type": "CreativeWork",
      "about": {
        "@id": "./"
      },
      "conformsTo": [
        {
          "@id": "https://w3id.org/ro/crate/1.1"
        },
        {
          "@id": "https://about.workflowhub.eu/Workflow-RO-Crate/"
        }
      ]
    },
    {
      "@id": "./",
      "@type": "Dataset",
      "datePublished": "2023-11-22T01:08:50.295+00:00",
      "mainEntity": {
        "@id": "main_workflow.ga"
      }
    },
    {
      "@id": "main_workflow.ga",
      "@type": [
        "File",
        "SoftwareSourceCode",
        "ComputationalWorkflow"
      ],
      "author": [
        {
          "@id": "#39049e32-e35b-430c-aea4-2f346c2540f6"
        },
        {
          "@id": "#032b8058-15fc-4320-8e4b-b3c7a1a95122"
        },
        {
          "@id": "#bc5215d2-2116-4111-9051-2166ab4c3fdb"
        },
        {
          "@id": "#9deffa6b-5aaf-4367-93e4-e2bf3f4443f8"
        }
      ],
      "license": {
        "@id": "https://spdx.org/licenses/GPL-3.0-or-later"
      },
      "name": "Genome Assembly using PacBio data",
      "version": 4,
      "programmingLanguage": {
        "@id": "https://w3id.org/workflowhub/workflow-ro-crate#galaxy"
      }
    },
    {
      "@id": "https://spdx.org/licenses/GPL-3.0-or-later",
      "@type": "CreativeWork",
      "name": "GPL-3.0-or-later"
    },
    {
      "@id": "https://w3id.org/workflowhub/workflow-ro-crate#galaxy",
      "@type": "ComputerLanguage",
      "identifier": {
        "@id": "https://galaxyproject.org/"
      },
      "name": "Galaxy",
      "url": {
        "@id": "https://galaxyproject.org/"
      },
      "version": "23.1"
    },
    {
      "@id": "#39049e32-e35b-430c-aea4-2f346c2540f6",
      "@type": "Person",
      "name": "Erwan Corre"
    },
    {
      "@id": "#032b8058-15fc-4320-8e4b-b3c7a1a95122",
      "@type": "Person",
      "name": "Stéphanie Robin"
    },
    {
      "@id": "#bc5215d2-2116-4111-9051-2166ab4c3fdb",
      "@type": "Person",
      "name": "Anthony Bretaudeau"
    },
    {
      "@id": "#9deffa6b-5aaf-4367-93e4-e2bf3f4443f8",
      "@type": "Person",
      "name": "Alexandre Cormier"
    }
  ]
}