{
  "@context": "https://w3id.org/ro/crate/1.1/context",
  "@graph": [
    {
      "@id": "ro-crate-metadata.json",
      "@type": "CreativeWork",
      "about": {
        "@id": "./"
      },
      "conformsTo": [
        {
          "@id": "https://w3id.org/ro/crate/1.1"
        },
        {
          "@id": "https://about.workflowhub.eu/Workflow-RO-Crate/"
        }
      ]
    },
    {
      "@id": "./",
      "@type": "Dataset",
      "datePublished": "2023-11-28T01:09:52.181+00:00",
      "mainEntity": {
        "@id": "main_workflow.ga"
      }
    },
    {
      "@id": "main_workflow.ga",
      "@type": [
        "File",
        "SoftwareSourceCode",
        "ComputationalWorkflow"
      ],
      "author": [
        {
          "@id": "#69da48e9-1138-4eb8-9c0d-498e379d32d2"
        },
        {
          "@id": "#4c74738b-1c22-4730-b82c-c2596dd42758"
        },
        {
          "@id": "#2b4407c4-c023-4ffc-8b57-f1e39fe87e94"
        },
        {
          "@id": "#2c338907-75f3-466d-ac5e-a1d8535d8a3b"
        }
      ],
      "license": {
        "@id": "https://spdx.org/licenses/GPL-3.0-or-later"
      },
      "name": "Genome Assembly using PacBio data",
      "version": 4,
      "programmingLanguage": {
        "@id": "https://w3id.org/workflowhub/workflow-ro-crate#galaxy"
      }
    },
    {
      "@id": "https://spdx.org/licenses/GPL-3.0-or-later",
      "@type": "CreativeWork",
      "name": "GPL-3.0-or-later"
    },
    {
      "@id": "https://w3id.org/workflowhub/workflow-ro-crate#galaxy",
      "@type": "ComputerLanguage",
      "identifier": {
        "@id": "https://galaxyproject.org/"
      },
      "name": "Galaxy",
      "url": {
        "@id": "https://galaxyproject.org/"
      },
      "version": "23.1"
    },
    {
      "@id": "#69da48e9-1138-4eb8-9c0d-498e379d32d2",
      "@type": "Person",
      "name": "Erwan Corre"
    },
    {
      "@id": "#4c74738b-1c22-4730-b82c-c2596dd42758",
      "@type": "Person",
      "name": "Stéphanie Robin"
    },
    {
      "@id": "#2b4407c4-c023-4ffc-8b57-f1e39fe87e94",
      "@type": "Person",
      "name": "Anthony Bretaudeau"
    },
    {
      "@id": "#2c338907-75f3-466d-ac5e-a1d8535d8a3b",
      "@type": "Person",
      "name": "Alexandre Cormier"
    }
  ]
}