{
  "@context": "https://w3id.org/ro/crate/1.1/context",
  "@graph": [
    {
      "@id": "ro-crate-metadata.json",
      "@type": "CreativeWork",
      "about": {
        "@id": "./"
      },
      "conformsTo": [
        {
          "@id": "https://w3id.org/ro/crate/1.1"
        },
        {
          "@id": "https://about.workflowhub.eu/Workflow-RO-Crate/"
        }
      ]
    },
    {
      "@id": "./",
      "@type": "Dataset",
      "datePublished": "2023-11-10T01:04:15.574+00:00",
      "mainEntity": {
        "@id": "main_workflow.ga"
      }
    },
    {
      "@id": "main_workflow.ga",
      "@type": [
        "File",
        "SoftwareSourceCode",
        "ComputationalWorkflow"
      ],
      "author": [
        {
          "@id": "#5ee45ffa-35ff-463b-a063-4e8ee8d438fe"
        },
        {
          "@id": "#82650a52-0327-480e-9f9f-356aab6c4854"
        },
        {
          "@id": "#accad4db-f0e3-4527-a3d0-6f8a76db2778"
        },
        {
          "@id": "#70716414-4acb-46c2-95a8-43e4ff756662"
        }
      ],
      "license": {
        "@id": "https://spdx.org/licenses/GPL-3.0-or-later"
      },
      "name": "Genome Assembly using PacBio data",
      "version": 4,
      "programmingLanguage": {
        "@id": "https://w3id.org/workflowhub/workflow-ro-crate#galaxy"
      }
    },
    {
      "@id": "https://spdx.org/licenses/GPL-3.0-or-later",
      "@type": "CreativeWork",
      "name": "GPL-3.0-or-later"
    },
    {
      "@id": "https://w3id.org/workflowhub/workflow-ro-crate#galaxy",
      "@type": "ComputerLanguage",
      "identifier": {
        "@id": "https://galaxyproject.org/"
      },
      "name": "Galaxy",
      "url": {
        "@id": "https://galaxyproject.org/"
      },
      "version": "23.1"
    },
    {
      "@id": "#5ee45ffa-35ff-463b-a063-4e8ee8d438fe",
      "@type": "Person",
      "name": "Erwan Corre"
    },
    {
      "@id": "#82650a52-0327-480e-9f9f-356aab6c4854",
      "@type": "Person",
      "name": "Stéphanie Robin"
    },
    {
      "@id": "#accad4db-f0e3-4527-a3d0-6f8a76db2778",
      "@type": "Person",
      "name": "Anthony Bretaudeau"
    },
    {
      "@id": "#70716414-4acb-46c2-95a8-43e4ff756662",
      "@type": "Person",
      "name": "Alexandre Cormier"
    }
  ]
}