{
  "@context": "https://w3id.org/ro/crate/1.1/context",
  "@graph": [
    {
      "@id": "ro-crate-metadata.json",
      "@type": "CreativeWork",
      "about": {
        "@id": "./"
      },
      "conformsTo": [
        {
          "@id": "https://w3id.org/ro/crate/1.1"
        },
        {
          "@id": "https://about.workflowhub.eu/Workflow-RO-Crate/"
        }
      ]
    },
    {
      "@id": "./",
      "@type": "Dataset",
      "datePublished": "2023-11-27T01:07:27.641+00:00",
      "mainEntity": {
        "@id": "main_workflow.ga"
      }
    },
    {
      "@id": "main_workflow.ga",
      "@type": [
        "File",
        "SoftwareSourceCode",
        "ComputationalWorkflow"
      ],
      "author": [
        {
          "@id": "#b964e6f0-307d-4e58-9cda-77f8857d040e"
        },
        {
          "@id": "#65395161-8cb4-4c81-bead-9f07fb0d54e6"
        },
        {
          "@id": "#9c256255-0b36-455d-94e3-f907609c33fd"
        },
        {
          "@id": "#85780e8f-26af-4f1b-9349-2b558217681b"
        }
      ],
      "license": {
        "@id": "https://spdx.org/licenses/GPL-3.0-or-later"
      },
      "name": "Genome Assembly using PacBio data",
      "version": 4,
      "programmingLanguage": {
        "@id": "https://w3id.org/workflowhub/workflow-ro-crate#galaxy"
      }
    },
    {
      "@id": "https://spdx.org/licenses/GPL-3.0-or-later",
      "@type": "CreativeWork",
      "name": "GPL-3.0-or-later"
    },
    {
      "@id": "https://w3id.org/workflowhub/workflow-ro-crate#galaxy",
      "@type": "ComputerLanguage",
      "identifier": {
        "@id": "https://galaxyproject.org/"
      },
      "name": "Galaxy",
      "url": {
        "@id": "https://galaxyproject.org/"
      },
      "version": "23.1"
    },
    {
      "@id": "#b964e6f0-307d-4e58-9cda-77f8857d040e",
      "@type": "Person",
      "name": "Erwan Corre"
    },
    {
      "@id": "#65395161-8cb4-4c81-bead-9f07fb0d54e6",
      "@type": "Person",
      "name": "Stéphanie Robin"
    },
    {
      "@id": "#9c256255-0b36-455d-94e3-f907609c33fd",
      "@type": "Person",
      "name": "Anthony Bretaudeau"
    },
    {
      "@id": "#85780e8f-26af-4f1b-9349-2b558217681b",
      "@type": "Person",
      "name": "Alexandre Cormier"
    }
  ]
}