{
  "@context": "https://w3id.org/ro/crate/1.1/context",
  "@graph": [
    {
      "@id": "ro-crate-metadata.json",
      "@type": "CreativeWork",
      "about": {
        "@id": "./"
      },
      "conformsTo": [
        {
          "@id": "https://w3id.org/ro/crate/1.1"
        },
        {
          "@id": "https://about.workflowhub.eu/Workflow-RO-Crate/"
        }
      ]
    },
    {
      "@id": "./",
      "@type": "Dataset",
      "datePublished": "2023-11-25T01:03:44.175+00:00",
      "mainEntity": {
        "@id": "main_workflow.ga"
      }
    },
    {
      "@id": "main_workflow.ga",
      "@type": [
        "File",
        "SoftwareSourceCode",
        "ComputationalWorkflow"
      ],
      "author": [
        {
          "@id": "#9eaf7138-3524-468b-ba7d-a991376b75cd"
        },
        {
          "@id": "#27f772ea-1ec9-4ae4-b19b-02b9a444b7f9"
        },
        {
          "@id": "#48a46c20-775b-45b9-aad4-9efa876c2506"
        },
        {
          "@id": "#7e095006-d891-41b4-8ed0-6e6ccaeeaa8d"
        },
        {
          "@id": "#74903546-22af-4c34-a5dc-c21b1e7a0cba"
        }
      ],
      "license": {
        "@id": "https://spdx.org/licenses/GPL-3.0-or-later"
      },
      "name": "Genome Assembly Quality Control",
      "version": 1,
      "programmingLanguage": {
        "@id": "https://w3id.org/workflowhub/workflow-ro-crate#galaxy"
      }
    },
    {
      "@id": "https://spdx.org/licenses/GPL-3.0-or-later",
      "@type": "CreativeWork",
      "name": "GPL-3.0-or-later"
    },
    {
      "@id": "https://w3id.org/workflowhub/workflow-ro-crate#galaxy",
      "@type": "ComputerLanguage",
      "identifier": {
        "@id": "https://galaxyproject.org/"
      },
      "name": "Galaxy",
      "url": {
        "@id": "https://galaxyproject.org/"
      },
      "version": "23.1"
    },
    {
      "@id": "#9eaf7138-3524-468b-ba7d-a991376b75cd",
      "@type": "Person",
      "name": "Erwan Corre"
    },
    {
      "@id": "#27f772ea-1ec9-4ae4-b19b-02b9a444b7f9",
      "@type": "Person",
      "name": "Stéphanie Robin"
    },
    {
      "@id": "#48a46c20-775b-45b9-aad4-9efa876c2506",
      "@type": "Person",
      "name": "Anthony Bretaudeau"
    },
    {
      "@id": "#7e095006-d891-41b4-8ed0-6e6ccaeeaa8d",
      "@type": "Person",
      "name": "Alexandre Cormier"
    },
    {
      "@id": "#74903546-22af-4c34-a5dc-c21b1e7a0cba",
      "@type": "Person",
      "name": "Laura Leroi"
    }
  ]
}