{
  "@context": "https://w3id.org/ro/crate/1.1/context",
  "@graph": [
    {
      "@id": "ro-crate-metadata.json",
      "@type": "CreativeWork",
      "about": {
        "@id": "./"
      },
      "conformsTo": [
        {
          "@id": "https://w3id.org/ro/crate/1.1"
        },
        {
          "@id": "https://about.workflowhub.eu/Workflow-RO-Crate/"
        }
      ]
    },
    {
      "@id": "./",
      "@type": "Dataset",
      "datePublished": "2023-11-17T01:06:29.303+00:00",
      "mainEntity": {
        "@id": "main_workflow.ga"
      }
    },
    {
      "@id": "main_workflow.ga",
      "@type": [
        "File",
        "SoftwareSourceCode",
        "ComputationalWorkflow"
      ],
      "author": [
        {
          "@id": "#4b0b1793-f9c8-46e6-96a3-995cbf4fe0d3"
        },
        {
          "@id": "#2ea7099f-a74d-4594-8a1a-b3da87a516b0"
        },
        {
          "@id": "#d8af8244-887c-4e97-84fb-2b8bedbf2ad2"
        },
        {
          "@id": "#ba183264-3999-4c65-a535-a62a894b1474"
        },
        {
          "@id": "#25571a20-7120-4966-a4d9-cbcc33bbbcda"
        }
      ],
      "license": {
        "@id": "https://spdx.org/licenses/GPL-3.0-or-later"
      },
      "name": "Genome Assembly Quality Control",
      "version": 1,
      "programmingLanguage": {
        "@id": "https://w3id.org/workflowhub/workflow-ro-crate#galaxy"
      }
    },
    {
      "@id": "https://spdx.org/licenses/GPL-3.0-or-later",
      "@type": "CreativeWork",
      "name": "GPL-3.0-or-later"
    },
    {
      "@id": "https://w3id.org/workflowhub/workflow-ro-crate#galaxy",
      "@type": "ComputerLanguage",
      "identifier": {
        "@id": "https://galaxyproject.org/"
      },
      "name": "Galaxy",
      "url": {
        "@id": "https://galaxyproject.org/"
      },
      "version": "23.1"
    },
    {
      "@id": "#4b0b1793-f9c8-46e6-96a3-995cbf4fe0d3",
      "@type": "Person",
      "name": "Erwan Corre"
    },
    {
      "@id": "#2ea7099f-a74d-4594-8a1a-b3da87a516b0",
      "@type": "Person",
      "name": "Stéphanie Robin"
    },
    {
      "@id": "#d8af8244-887c-4e97-84fb-2b8bedbf2ad2",
      "@type": "Person",
      "name": "Anthony Bretaudeau"
    },
    {
      "@id": "#ba183264-3999-4c65-a535-a62a894b1474",
      "@type": "Person",
      "name": "Alexandre Cormier"
    },
    {
      "@id": "#25571a20-7120-4966-a4d9-cbcc33bbbcda",
      "@type": "Person",
      "name": "Laura Leroi"
    }
  ]
}