{
  "@context": "https://w3id.org/ro/crate/1.1/context",
  "@graph": [
    {
      "@id": "ro-crate-metadata.json",
      "@type": "CreativeWork",
      "about": {
        "@id": "./"
      },
      "conformsTo": [
        {
          "@id": "https://w3id.org/ro/crate/1.1"
        },
        {
          "@id": "https://about.workflowhub.eu/Workflow-RO-Crate/"
        }
      ]
    },
    {
      "@id": "./",
      "@type": "Dataset",
      "datePublished": "2023-11-19T01:10:50.280+00:00",
      "mainEntity": {
        "@id": "main_workflow.ga"
      }
    },
    {
      "@id": "main_workflow.ga",
      "@type": [
        "File",
        "SoftwareSourceCode",
        "ComputationalWorkflow"
      ],
      "author": [
        {
          "@id": "#1770bbba-8b51-4397-b1ab-23de939880e7"
        },
        {
          "@id": "#ed793371-3562-4902-a163-5faecf229e4e"
        },
        {
          "@id": "#ef097910-dead-4011-b265-da567e5b7bda"
        },
        {
          "@id": "#561413c3-d56a-4e95-abbc-d032a522b856"
        },
        {
          "@id": "#1e94b2ee-ec59-4b3b-ba87-593a0709489c"
        }
      ],
      "license": {
        "@id": "https://spdx.org/licenses/GPL-3.0-or-later"
      },
      "name": "Genome Assembly Quality Control",
      "version": 1,
      "programmingLanguage": {
        "@id": "https://w3id.org/workflowhub/workflow-ro-crate#galaxy"
      }
    },
    {
      "@id": "https://spdx.org/licenses/GPL-3.0-or-later",
      "@type": "CreativeWork",
      "name": "GPL-3.0-or-later"
    },
    {
      "@id": "https://w3id.org/workflowhub/workflow-ro-crate#galaxy",
      "@type": "ComputerLanguage",
      "identifier": {
        "@id": "https://galaxyproject.org/"
      },
      "name": "Galaxy",
      "url": {
        "@id": "https://galaxyproject.org/"
      },
      "version": "23.1"
    },
    {
      "@id": "#1770bbba-8b51-4397-b1ab-23de939880e7",
      "@type": "Person",
      "name": "Erwan Corre"
    },
    {
      "@id": "#ed793371-3562-4902-a163-5faecf229e4e",
      "@type": "Person",
      "name": "Stéphanie Robin"
    },
    {
      "@id": "#ef097910-dead-4011-b265-da567e5b7bda",
      "@type": "Person",
      "name": "Anthony Bretaudeau"
    },
    {
      "@id": "#561413c3-d56a-4e95-abbc-d032a522b856",
      "@type": "Person",
      "name": "Alexandre Cormier"
    },
    {
      "@id": "#1e94b2ee-ec59-4b3b-ba87-593a0709489c",
      "@type": "Person",
      "name": "Laura Leroi"
    }
  ]
}