{
  "@context": "https://w3id.org/ro/crate/1.1/context",
  "@graph": [
    {
      "@id": "ro-crate-metadata.json",
      "@type": "CreativeWork",
      "about": {
        "@id": "./"
      },
      "conformsTo": [
        {
          "@id": "https://w3id.org/ro/crate/1.1"
        },
        {
          "@id": "https://about.workflowhub.eu/Workflow-RO-Crate/"
        }
      ]
    },
    {
      "@id": "./",
      "@type": "Dataset",
      "datePublished": "2023-11-16T01:06:51.056+00:00",
      "mainEntity": {
        "@id": "main_workflow.ga"
      }
    },
    {
      "@id": "main_workflow.ga",
      "@type": [
        "File",
        "SoftwareSourceCode",
        "ComputationalWorkflow"
      ],
      "author": [
        {
          "@id": "#a39ffa4f-25b9-4fa7-98fc-956d21128ac2"
        },
        {
          "@id": "#04ed95f4-9ea5-4c39-ae5d-0808f74e98fd"
        },
        {
          "@id": "#586416d2-6ca9-4287-8858-f99a768216ae"
        },
        {
          "@id": "#7208c371-72c2-43b5-80b9-783a2693c99c"
        },
        {
          "@id": "#228a9117-7404-476b-8bc9-73b273308783"
        }
      ],
      "license": {
        "@id": "https://spdx.org/licenses/GPL-3.0-or-later"
      },
      "name": "Genome Assembly Quality Control",
      "version": 1,
      "programmingLanguage": {
        "@id": "https://w3id.org/workflowhub/workflow-ro-crate#galaxy"
      }
    },
    {
      "@id": "https://spdx.org/licenses/GPL-3.0-or-later",
      "@type": "CreativeWork",
      "name": "GPL-3.0-or-later"
    },
    {
      "@id": "https://w3id.org/workflowhub/workflow-ro-crate#galaxy",
      "@type": "ComputerLanguage",
      "identifier": {
        "@id": "https://galaxyproject.org/"
      },
      "name": "Galaxy",
      "url": {
        "@id": "https://galaxyproject.org/"
      },
      "version": "23.1"
    },
    {
      "@id": "#a39ffa4f-25b9-4fa7-98fc-956d21128ac2",
      "@type": "Person",
      "name": "Erwan Corre"
    },
    {
      "@id": "#04ed95f4-9ea5-4c39-ae5d-0808f74e98fd",
      "@type": "Person",
      "name": "Stéphanie Robin"
    },
    {
      "@id": "#586416d2-6ca9-4287-8858-f99a768216ae",
      "@type": "Person",
      "name": "Anthony Bretaudeau"
    },
    {
      "@id": "#7208c371-72c2-43b5-80b9-783a2693c99c",
      "@type": "Person",
      "name": "Alexandre Cormier"
    },
    {
      "@id": "#228a9117-7404-476b-8bc9-73b273308783",
      "@type": "Person",
      "name": "Laura Leroi"
    }
  ]
}