{
  "@context": "https://w3id.org/ro/crate/1.1/context",
  "@graph": [
    {
      "@id": "ro-crate-metadata.json",
      "@type": "CreativeWork",
      "about": {
        "@id": "./"
      },
      "conformsTo": [
        {
          "@id": "https://w3id.org/ro/crate/1.1"
        },
        {
          "@id": "https://about.workflowhub.eu/Workflow-RO-Crate/"
        }
      ]
    },
    {
      "@id": "./",
      "@type": "Dataset",
      "datePublished": "2023-11-29T01:07:15.675+00:00",
      "mainEntity": {
        "@id": "main_workflow.ga"
      }
    },
    {
      "@id": "main_workflow.ga",
      "@type": [
        "File",
        "SoftwareSourceCode",
        "ComputationalWorkflow"
      ],
      "author": [
        {
          "@id": "#11bfdb00-2bb1-4d49-931f-691739375fb7"
        },
        {
          "@id": "#650e4c37-bce9-4aa4-932b-6d962cca75df"
        },
        {
          "@id": "#8806e01b-87c6-4cf9-aba7-c2fb33db0696"
        },
        {
          "@id": "#669dc284-008d-4cbb-979b-7a4584ee2fdf"
        },
        {
          "@id": "#31b96a51-dd3f-4a01-b517-25b955510c4f"
        }
      ],
      "license": {
        "@id": "https://spdx.org/licenses/GPL-3.0-or-later"
      },
      "name": "Genome Assembly Quality Control",
      "version": 1,
      "programmingLanguage": {
        "@id": "https://w3id.org/workflowhub/workflow-ro-crate#galaxy"
      }
    },
    {
      "@id": "https://spdx.org/licenses/GPL-3.0-or-later",
      "@type": "CreativeWork",
      "name": "GPL-3.0-or-later"
    },
    {
      "@id": "https://w3id.org/workflowhub/workflow-ro-crate#galaxy",
      "@type": "ComputerLanguage",
      "identifier": {
        "@id": "https://galaxyproject.org/"
      },
      "name": "Galaxy",
      "url": {
        "@id": "https://galaxyproject.org/"
      },
      "version": "23.1"
    },
    {
      "@id": "#11bfdb00-2bb1-4d49-931f-691739375fb7",
      "@type": "Person",
      "name": "Erwan Corre"
    },
    {
      "@id": "#650e4c37-bce9-4aa4-932b-6d962cca75df",
      "@type": "Person",
      "name": "Stéphanie Robin"
    },
    {
      "@id": "#8806e01b-87c6-4cf9-aba7-c2fb33db0696",
      "@type": "Person",
      "name": "Anthony Bretaudeau"
    },
    {
      "@id": "#669dc284-008d-4cbb-979b-7a4584ee2fdf",
      "@type": "Person",
      "name": "Alexandre Cormier"
    },
    {
      "@id": "#31b96a51-dd3f-4a01-b517-25b955510c4f",
      "@type": "Person",
      "name": "Laura Leroi"
    }
  ]
}