{
  "@context": "https://w3id.org/ro/crate/1.1/context",
  "@graph": [
    {
      "@id": "ro-crate-metadata.json",
      "@type": "CreativeWork",
      "about": {
        "@id": "./"
      },
      "conformsTo": [
        {
          "@id": "https://w3id.org/ro/crate/1.1"
        },
        {
          "@id": "https://about.workflowhub.eu/Workflow-RO-Crate/"
        }
      ]
    },
    {
      "@id": "./",
      "@type": "Dataset",
      "datePublished": "2023-11-09T01:07:16.547+00:00",
      "mainEntity": {
        "@id": "main_workflow.ga"
      }
    },
    {
      "@id": "main_workflow.ga",
      "@type": [
        "File",
        "SoftwareSourceCode",
        "ComputationalWorkflow"
      ],
      "author": [
        {
          "@id": "#c6ac6831-150f-459e-9a5d-2b26436044a6"
        },
        {
          "@id": "#71496a43-878c-4e3d-8c88-0d6f78a9052d"
        },
        {
          "@id": "#f7b8d736-7a9d-435b-9977-a728befa9b0a"
        },
        {
          "@id": "#0b1d548c-4db4-4886-af3f-089af1d9a314"
        },
        {
          "@id": "#d40a4a5d-6c48-49a2-8200-01452b969f3f"
        }
      ],
      "license": {
        "@id": "https://spdx.org/licenses/GPL-3.0-or-later"
      },
      "name": "Genome Assembly Quality Control",
      "version": 1,
      "programmingLanguage": {
        "@id": "https://w3id.org/workflowhub/workflow-ro-crate#galaxy"
      }
    },
    {
      "@id": "https://spdx.org/licenses/GPL-3.0-or-later",
      "@type": "CreativeWork",
      "name": "GPL-3.0-or-later"
    },
    {
      "@id": "https://w3id.org/workflowhub/workflow-ro-crate#galaxy",
      "@type": "ComputerLanguage",
      "identifier": {
        "@id": "https://galaxyproject.org/"
      },
      "name": "Galaxy",
      "url": {
        "@id": "https://galaxyproject.org/"
      },
      "version": "23.1"
    },
    {
      "@id": "#c6ac6831-150f-459e-9a5d-2b26436044a6",
      "@type": "Person",
      "name": "Erwan Corre"
    },
    {
      "@id": "#71496a43-878c-4e3d-8c88-0d6f78a9052d",
      "@type": "Person",
      "name": "Stéphanie Robin"
    },
    {
      "@id": "#f7b8d736-7a9d-435b-9977-a728befa9b0a",
      "@type": "Person",
      "name": "Anthony Bretaudeau"
    },
    {
      "@id": "#0b1d548c-4db4-4886-af3f-089af1d9a314",
      "@type": "Person",
      "name": "Alexandre Cormier"
    },
    {
      "@id": "#d40a4a5d-6c48-49a2-8200-01452b969f3f",
      "@type": "Person",
      "name": "Laura Leroi"
    }
  ]
}