{
  "@context": "https://w3id.org/ro/crate/1.1/context",
  "@graph": [
    {
      "@id": "ro-crate-metadata.json",
      "@type": "CreativeWork",
      "about": {
        "@id": "./"
      },
      "conformsTo": [
        {
          "@id": "https://w3id.org/ro/crate/1.1"
        },
        {
          "@id": "https://about.workflowhub.eu/Workflow-RO-Crate/"
        }
      ]
    },
    {
      "@id": "./",
      "@type": "Dataset",
      "datePublished": "2023-11-10T01:04:15.490+00:00",
      "mainEntity": {
        "@id": "main_workflow.ga"
      }
    },
    {
      "@id": "main_workflow.ga",
      "@type": [
        "File",
        "SoftwareSourceCode",
        "ComputationalWorkflow"
      ],
      "author": [
        {
          "@id": "#b99a1a51-f14c-46be-af9b-dcce2a380223"
        },
        {
          "@id": "#75e849f8-0007-40c5-949e-27c765193aa2"
        },
        {
          "@id": "#0d551152-7b57-422f-8d00-94d0a925e237"
        },
        {
          "@id": "#fc690995-6c60-4803-8c5b-ad15fa700a57"
        },
        {
          "@id": "#2ee4fca0-048c-4ac2-abce-5748acc13cf7"
        }
      ],
      "license": {
        "@id": "https://spdx.org/licenses/GPL-3.0-or-later"
      },
      "name": "Genome Assembly Quality Control",
      "version": 1,
      "programmingLanguage": {
        "@id": "https://w3id.org/workflowhub/workflow-ro-crate#galaxy"
      }
    },
    {
      "@id": "https://spdx.org/licenses/GPL-3.0-or-later",
      "@type": "CreativeWork",
      "name": "GPL-3.0-or-later"
    },
    {
      "@id": "https://w3id.org/workflowhub/workflow-ro-crate#galaxy",
      "@type": "ComputerLanguage",
      "identifier": {
        "@id": "https://galaxyproject.org/"
      },
      "name": "Galaxy",
      "url": {
        "@id": "https://galaxyproject.org/"
      },
      "version": "23.1"
    },
    {
      "@id": "#b99a1a51-f14c-46be-af9b-dcce2a380223",
      "@type": "Person",
      "name": "Erwan Corre"
    },
    {
      "@id": "#75e849f8-0007-40c5-949e-27c765193aa2",
      "@type": "Person",
      "name": "Stéphanie Robin"
    },
    {
      "@id": "#0d551152-7b57-422f-8d00-94d0a925e237",
      "@type": "Person",
      "name": "Anthony Bretaudeau"
    },
    {
      "@id": "#fc690995-6c60-4803-8c5b-ad15fa700a57",
      "@type": "Person",
      "name": "Alexandre Cormier"
    },
    {
      "@id": "#2ee4fca0-048c-4ac2-abce-5748acc13cf7",
      "@type": "Person",
      "name": "Laura Leroi"
    }
  ]
}