{
  "@context": "https://w3id.org/ro/crate/1.1/context",
  "@graph": [
    {
      "@id": "ro-crate-metadata.json",
      "@type": "CreativeWork",
      "about": {
        "@id": "./"
      },
      "conformsTo": [
        {
          "@id": "https://w3id.org/ro/crate/1.1"
        },
        {
          "@id": "https://about.workflowhub.eu/Workflow-RO-Crate/"
        }
      ]
    },
    {
      "@id": "./",
      "@type": "Dataset",
      "datePublished": "2023-11-27T01:07:27.553+00:00",
      "mainEntity": {
        "@id": "main_workflow.ga"
      }
    },
    {
      "@id": "main_workflow.ga",
      "@type": [
        "File",
        "SoftwareSourceCode",
        "ComputationalWorkflow"
      ],
      "author": [
        {
          "@id": "#fe0e56e6-512c-4cf1-a511-6c5c547b6ffc"
        },
        {
          "@id": "#d6570a42-ca18-41ff-92d5-5fdbd9cd7801"
        },
        {
          "@id": "#12290f92-b61a-4b7b-a122-932f06b1f33e"
        },
        {
          "@id": "#45f107c7-d973-46c5-b299-587a444becd5"
        },
        {
          "@id": "#dfd93132-1c4a-41ae-90d2-34365df91e9e"
        }
      ],
      "license": {
        "@id": "https://spdx.org/licenses/GPL-3.0-or-later"
      },
      "name": "Genome Assembly Quality Control",
      "version": 1,
      "programmingLanguage": {
        "@id": "https://w3id.org/workflowhub/workflow-ro-crate#galaxy"
      }
    },
    {
      "@id": "https://spdx.org/licenses/GPL-3.0-or-later",
      "@type": "CreativeWork",
      "name": "GPL-3.0-or-later"
    },
    {
      "@id": "https://w3id.org/workflowhub/workflow-ro-crate#galaxy",
      "@type": "ComputerLanguage",
      "identifier": {
        "@id": "https://galaxyproject.org/"
      },
      "name": "Galaxy",
      "url": {
        "@id": "https://galaxyproject.org/"
      },
      "version": "23.1"
    },
    {
      "@id": "#fe0e56e6-512c-4cf1-a511-6c5c547b6ffc",
      "@type": "Person",
      "name": "Erwan Corre"
    },
    {
      "@id": "#d6570a42-ca18-41ff-92d5-5fdbd9cd7801",
      "@type": "Person",
      "name": "Stéphanie Robin"
    },
    {
      "@id": "#12290f92-b61a-4b7b-a122-932f06b1f33e",
      "@type": "Person",
      "name": "Anthony Bretaudeau"
    },
    {
      "@id": "#45f107c7-d973-46c5-b299-587a444becd5",
      "@type": "Person",
      "name": "Alexandre Cormier"
    },
    {
      "@id": "#dfd93132-1c4a-41ae-90d2-34365df91e9e",
      "@type": "Person",
      "name": "Laura Leroi"
    }
  ]
}