{
  "@context": "https://w3id.org/ro/crate/1.1/context",
  "@graph": [
    {
      "@id": "ro-crate-metadata.json",
      "@type": "CreativeWork",
      "about": {
        "@id": "./"
      },
      "conformsTo": [
        {
          "@id": "https://w3id.org/ro/crate/1.1"
        },
        {
          "@id": "https://about.workflowhub.eu/Workflow-RO-Crate/"
        }
      ]
    },
    {
      "@id": "./",
      "@type": "Dataset",
      "datePublished": "2023-11-15T01:05:53.178+00:00",
      "mainEntity": {
        "@id": "main_workflow.ga"
      }
    },
    {
      "@id": "main_workflow.ga",
      "@type": [
        "File",
        "SoftwareSourceCode",
        "ComputationalWorkflow"
      ],
      "author": [
        {
          "@id": "#23de52f1-fc56-460d-9dfb-dd28b11f2ac3"
        },
        {
          "@id": "#ff34f6c1-e4de-48b8-aabb-70e17efd7387"
        },
        {
          "@id": "#ef3b9c79-615b-403a-af32-cefd76a846d9"
        },
        {
          "@id": "#67acc59e-9a93-46c0-93ba-8a400c545955"
        },
        {
          "@id": "#8e223c51-00df-4f67-b3d3-b859bb593686"
        }
      ],
      "license": {
        "@id": "https://spdx.org/licenses/GPL-3.0-or-later"
      },
      "name": "Genome Assembly Quality Control",
      "version": 1,
      "programmingLanguage": {
        "@id": "https://w3id.org/workflowhub/workflow-ro-crate#galaxy"
      }
    },
    {
      "@id": "https://spdx.org/licenses/GPL-3.0-or-later",
      "@type": "CreativeWork",
      "name": "GPL-3.0-or-later"
    },
    {
      "@id": "https://w3id.org/workflowhub/workflow-ro-crate#galaxy",
      "@type": "ComputerLanguage",
      "identifier": {
        "@id": "https://galaxyproject.org/"
      },
      "name": "Galaxy",
      "url": {
        "@id": "https://galaxyproject.org/"
      },
      "version": "23.1"
    },
    {
      "@id": "#23de52f1-fc56-460d-9dfb-dd28b11f2ac3",
      "@type": "Person",
      "name": "Erwan Corre"
    },
    {
      "@id": "#ff34f6c1-e4de-48b8-aabb-70e17efd7387",
      "@type": "Person",
      "name": "Stéphanie Robin"
    },
    {
      "@id": "#ef3b9c79-615b-403a-af32-cefd76a846d9",
      "@type": "Person",
      "name": "Anthony Bretaudeau"
    },
    {
      "@id": "#67acc59e-9a93-46c0-93ba-8a400c545955",
      "@type": "Person",
      "name": "Alexandre Cormier"
    },
    {
      "@id": "#8e223c51-00df-4f67-b3d3-b859bb593686",
      "@type": "Person",
      "name": "Laura Leroi"
    }
  ]
}