{
  "@context": "https://w3id.org/ro/crate/1.1/context",
  "@graph": [
    {
      "@id": "ro-crate-metadata.json",
      "@type": "CreativeWork",
      "about": {
        "@id": "./"
      },
      "conformsTo": [
        {
          "@id": "https://w3id.org/ro/crate/1.1"
        },
        {
          "@id": "https://about.workflowhub.eu/Workflow-RO-Crate/"
        }
      ]
    },
    {
      "@id": "./",
      "@type": "Dataset",
      "datePublished": "2023-11-21T01:08:46.584+00:00",
      "mainEntity": {
        "@id": "main_workflow.ga"
      }
    },
    {
      "@id": "main_workflow.ga",
      "@type": [
        "File",
        "SoftwareSourceCode",
        "ComputationalWorkflow"
      ],
      "author": [
        {
          "@id": "#359cdce7-f717-4656-8c31-48a5ca897180"
        },
        {
          "@id": "#0aa7f4a7-ce1f-4462-8150-575c16ece64b"
        },
        {
          "@id": "#e9eac5e5-ff05-4dc1-a430-2b645adcd571"
        },
        {
          "@id": "#622c7e15-aa23-4697-86a2-cc1d7ec554ee"
        },
        {
          "@id": "#afe52549-1580-42f7-890b-de8a833c267a"
        }
      ],
      "license": {
        "@id": "https://spdx.org/licenses/GPL-3.0-or-later"
      },
      "name": "Genome Assembly Quality Control",
      "version": 1,
      "programmingLanguage": {
        "@id": "https://w3id.org/workflowhub/workflow-ro-crate#galaxy"
      }
    },
    {
      "@id": "https://spdx.org/licenses/GPL-3.0-or-later",
      "@type": "CreativeWork",
      "name": "GPL-3.0-or-later"
    },
    {
      "@id": "https://w3id.org/workflowhub/workflow-ro-crate#galaxy",
      "@type": "ComputerLanguage",
      "identifier": {
        "@id": "https://galaxyproject.org/"
      },
      "name": "Galaxy",
      "url": {
        "@id": "https://galaxyproject.org/"
      },
      "version": "23.1"
    },
    {
      "@id": "#359cdce7-f717-4656-8c31-48a5ca897180",
      "@type": "Person",
      "name": "Erwan Corre"
    },
    {
      "@id": "#0aa7f4a7-ce1f-4462-8150-575c16ece64b",
      "@type": "Person",
      "name": "Stéphanie Robin"
    },
    {
      "@id": "#e9eac5e5-ff05-4dc1-a430-2b645adcd571",
      "@type": "Person",
      "name": "Anthony Bretaudeau"
    },
    {
      "@id": "#622c7e15-aa23-4697-86a2-cc1d7ec554ee",
      "@type": "Person",
      "name": "Alexandre Cormier"
    },
    {
      "@id": "#afe52549-1580-42f7-890b-de8a833c267a",
      "@type": "Person",
      "name": "Laura Leroi"
    }
  ]
}