{
  "@context": "https://w3id.org/ro/crate/1.1/context",
  "@graph": [
    {
      "@id": "ro-crate-metadata.json",
      "@type": "CreativeWork",
      "about": {
        "@id": "./"
      },
      "conformsTo": [
        {
          "@id": "https://w3id.org/ro/crate/1.1"
        },
        {
          "@id": "https://about.workflowhub.eu/Workflow-RO-Crate/"
        }
      ]
    },
    {
      "@id": "./",
      "@type": "Dataset",
      "datePublished": "2023-12-05T01:07:37.570+00:00",
      "mainEntity": {
        "@id": "main_workflow.ga"
      }
    },
    {
      "@id": "main_workflow.ga",
      "@type": [
        "File",
        "SoftwareSourceCode",
        "ComputationalWorkflow"
      ],
      "author": [
        {
          "@id": "#1a1dea0f-733a-4d49-b413-148ace2816d1"
        },
        {
          "@id": "#6aa5d007-c781-4281-8311-f48e6e3c684b"
        },
        {
          "@id": "#e932dc58-11e1-439a-845d-e7ccf5beec90"
        },
        {
          "@id": "#3992db2b-d976-4255-8918-02a975ccdc4c"
        },
        {
          "@id": "#c8892612-9a74-40f9-83c8-b217b8861d88"
        }
      ],
      "license": {
        "@id": "https://spdx.org/licenses/GPL-3.0-or-later"
      },
      "name": "Genome Assembly Quality Control",
      "version": 1,
      "programmingLanguage": {
        "@id": "https://w3id.org/workflowhub/workflow-ro-crate#galaxy"
      }
    },
    {
      "@id": "https://spdx.org/licenses/GPL-3.0-or-later",
      "@type": "CreativeWork",
      "name": "GPL-3.0-or-later"
    },
    {
      "@id": "https://w3id.org/workflowhub/workflow-ro-crate#galaxy",
      "@type": "ComputerLanguage",
      "identifier": {
        "@id": "https://galaxyproject.org/"
      },
      "name": "Galaxy",
      "url": {
        "@id": "https://galaxyproject.org/"
      },
      "version": "23.1"
    },
    {
      "@id": "#1a1dea0f-733a-4d49-b413-148ace2816d1",
      "@type": "Person",
      "name": "Erwan Corre"
    },
    {
      "@id": "#6aa5d007-c781-4281-8311-f48e6e3c684b",
      "@type": "Person",
      "name": "Stéphanie Robin"
    },
    {
      "@id": "#e932dc58-11e1-439a-845d-e7ccf5beec90",
      "@type": "Person",
      "name": "Anthony Bretaudeau"
    },
    {
      "@id": "#3992db2b-d976-4255-8918-02a975ccdc4c",
      "@type": "Person",
      "name": "Alexandre Cormier"
    },
    {
      "@id": "#c8892612-9a74-40f9-83c8-b217b8861d88",
      "@type": "Person",
      "name": "Laura Leroi"
    }
  ]
}