{
  "@context": "https://w3id.org/ro/crate/1.1/context",
  "@graph": [
    {
      "@id": "ro-crate-metadata.json",
      "@type": "CreativeWork",
      "about": {
        "@id": "./"
      },
      "conformsTo": [
        {
          "@id": "https://w3id.org/ro/crate/1.1"
        },
        {
          "@id": "https://about.workflowhub.eu/Workflow-RO-Crate/"
        }
      ]
    },
    {
      "@id": "./",
      "@type": "Dataset",
      "datePublished": "2023-12-04T01:07:33.286+00:00",
      "mainEntity": {
        "@id": "main_workflow.ga"
      }
    },
    {
      "@id": "main_workflow.ga",
      "@type": [
        "File",
        "SoftwareSourceCode",
        "ComputationalWorkflow"
      ],
      "author": [
        {
          "@id": "#09713c78-126d-49ad-a688-b839dd4555b6"
        },
        {
          "@id": "#2927af05-616a-4c49-81bd-5322da1777b2"
        },
        {
          "@id": "#9ea4338e-3cf7-4810-ac96-7dbce9f9adb4"
        },
        {
          "@id": "#ded8a268-4fb7-442f-9814-a0b7514cf475"
        },
        {
          "@id": "#43a98a22-6dbe-4458-a6bb-5ea492bd953c"
        }
      ],
      "license": {
        "@id": "https://spdx.org/licenses/GPL-3.0-or-later"
      },
      "name": "Genome Assembly Quality Control",
      "version": 1,
      "programmingLanguage": {
        "@id": "https://w3id.org/workflowhub/workflow-ro-crate#galaxy"
      }
    },
    {
      "@id": "https://spdx.org/licenses/GPL-3.0-or-later",
      "@type": "CreativeWork",
      "name": "GPL-3.0-or-later"
    },
    {
      "@id": "https://w3id.org/workflowhub/workflow-ro-crate#galaxy",
      "@type": "ComputerLanguage",
      "identifier": {
        "@id": "https://galaxyproject.org/"
      },
      "name": "Galaxy",
      "url": {
        "@id": "https://galaxyproject.org/"
      },
      "version": "23.1"
    },
    {
      "@id": "#09713c78-126d-49ad-a688-b839dd4555b6",
      "@type": "Person",
      "name": "Erwan Corre"
    },
    {
      "@id": "#2927af05-616a-4c49-81bd-5322da1777b2",
      "@type": "Person",
      "name": "Stéphanie Robin"
    },
    {
      "@id": "#9ea4338e-3cf7-4810-ac96-7dbce9f9adb4",
      "@type": "Person",
      "name": "Anthony Bretaudeau"
    },
    {
      "@id": "#ded8a268-4fb7-442f-9814-a0b7514cf475",
      "@type": "Person",
      "name": "Alexandre Cormier"
    },
    {
      "@id": "#43a98a22-6dbe-4458-a6bb-5ea492bd953c",
      "@type": "Person",
      "name": "Laura Leroi"
    }
  ]
}