{
  "@context": "https://w3id.org/ro/crate/1.1/context",
  "@graph": [
    {
      "@id": "ro-crate-metadata.json",
      "@type": "CreativeWork",
      "about": {
        "@id": "./"
      },
      "conformsTo": [
        {
          "@id": "https://w3id.org/ro/crate/1.1"
        },
        {
          "@id": "https://about.workflowhub.eu/Workflow-RO-Crate/"
        }
      ]
    },
    {
      "@id": "./",
      "@type": "Dataset",
      "datePublished": "2023-11-22T01:08:50.207+00:00",
      "mainEntity": {
        "@id": "main_workflow.ga"
      }
    },
    {
      "@id": "main_workflow.ga",
      "@type": [
        "File",
        "SoftwareSourceCode",
        "ComputationalWorkflow"
      ],
      "author": [
        {
          "@id": "#a98d0d42-b401-4eeb-9335-5fb28f243deb"
        },
        {
          "@id": "#49dce0de-7361-40db-a2d0-7a501e9a554f"
        },
        {
          "@id": "#5fb0a594-315f-45a6-906e-f8d9982eb83e"
        },
        {
          "@id": "#2b869fcf-d352-4e33-a7fc-26d769cf6d9a"
        },
        {
          "@id": "#83dc18df-c494-42de-bcfe-5e1df366e945"
        }
      ],
      "license": {
        "@id": "https://spdx.org/licenses/GPL-3.0-or-later"
      },
      "name": "Genome Assembly Quality Control",
      "version": 1,
      "programmingLanguage": {
        "@id": "https://w3id.org/workflowhub/workflow-ro-crate#galaxy"
      }
    },
    {
      "@id": "https://spdx.org/licenses/GPL-3.0-or-later",
      "@type": "CreativeWork",
      "name": "GPL-3.0-or-later"
    },
    {
      "@id": "https://w3id.org/workflowhub/workflow-ro-crate#galaxy",
      "@type": "ComputerLanguage",
      "identifier": {
        "@id": "https://galaxyproject.org/"
      },
      "name": "Galaxy",
      "url": {
        "@id": "https://galaxyproject.org/"
      },
      "version": "23.1"
    },
    {
      "@id": "#a98d0d42-b401-4eeb-9335-5fb28f243deb",
      "@type": "Person",
      "name": "Erwan Corre"
    },
    {
      "@id": "#49dce0de-7361-40db-a2d0-7a501e9a554f",
      "@type": "Person",
      "name": "Stéphanie Robin"
    },
    {
      "@id": "#5fb0a594-315f-45a6-906e-f8d9982eb83e",
      "@type": "Person",
      "name": "Anthony Bretaudeau"
    },
    {
      "@id": "#2b869fcf-d352-4e33-a7fc-26d769cf6d9a",
      "@type": "Person",
      "name": "Alexandre Cormier"
    },
    {
      "@id": "#83dc18df-c494-42de-bcfe-5e1df366e945",
      "@type": "Person",
      "name": "Laura Leroi"
    }
  ]
}