{
  "@context": "https://w3id.org/ro/crate/1.1/context",
  "@graph": [
    {
      "@id": "ro-crate-metadata.json",
      "@type": "CreativeWork",
      "about": {
        "@id": "./"
      },
      "conformsTo": [
        {
          "@id": "https://w3id.org/ro/crate/1.1"
        },
        {
          "@id": "https://about.workflowhub.eu/Workflow-RO-Crate/"
        }
      ]
    },
    {
      "@id": "./",
      "@type": "Dataset",
      "datePublished": "2023-11-18T01:05:37.787+00:00",
      "mainEntity": {
        "@id": "main_workflow.ga"
      }
    },
    {
      "@id": "main_workflow.ga",
      "@type": [
        "File",
        "SoftwareSourceCode",
        "ComputationalWorkflow"
      ],
      "author": [
        {
          "@id": "#3eba727c-3cd9-48a9-85e4-8e432ca795ba"
        },
        {
          "@id": "#b8a52a5d-3b24-443c-8a6b-0d0499713c97"
        },
        {
          "@id": "#fce52ac7-56a0-4632-b143-3a9782ed93fb"
        },
        {
          "@id": "#9138611f-c6d8-4875-bc9a-e4ea11bca6a2"
        },
        {
          "@id": "#87a40cf7-5ce1-4a20-a4b8-24ee1d103194"
        }
      ],
      "license": {
        "@id": "https://spdx.org/licenses/GPL-3.0-or-later"
      },
      "name": "Genome Assembly Quality Control",
      "version": 1,
      "programmingLanguage": {
        "@id": "https://w3id.org/workflowhub/workflow-ro-crate#galaxy"
      }
    },
    {
      "@id": "https://spdx.org/licenses/GPL-3.0-or-later",
      "@type": "CreativeWork",
      "name": "GPL-3.0-or-later"
    },
    {
      "@id": "https://w3id.org/workflowhub/workflow-ro-crate#galaxy",
      "@type": "ComputerLanguage",
      "identifier": {
        "@id": "https://galaxyproject.org/"
      },
      "name": "Galaxy",
      "url": {
        "@id": "https://galaxyproject.org/"
      },
      "version": "23.1"
    },
    {
      "@id": "#3eba727c-3cd9-48a9-85e4-8e432ca795ba",
      "@type": "Person",
      "name": "Erwan Corre"
    },
    {
      "@id": "#b8a52a5d-3b24-443c-8a6b-0d0499713c97",
      "@type": "Person",
      "name": "Stéphanie Robin"
    },
    {
      "@id": "#fce52ac7-56a0-4632-b143-3a9782ed93fb",
      "@type": "Person",
      "name": "Anthony Bretaudeau"
    },
    {
      "@id": "#9138611f-c6d8-4875-bc9a-e4ea11bca6a2",
      "@type": "Person",
      "name": "Alexandre Cormier"
    },
    {
      "@id": "#87a40cf7-5ce1-4a20-a4b8-24ee1d103194",
      "@type": "Person",
      "name": "Laura Leroi"
    }
  ]
}