{
  "@context": "https://w3id.org/ro/crate/1.1/context",
  "@graph": [
    {
      "@id": "ro-crate-metadata.json",
      "@type": "CreativeWork",
      "about": {
        "@id": "./"
      },
      "conformsTo": [
        {
          "@id": "https://w3id.org/ro/crate/1.1"
        },
        {
          "@id": "https://about.workflowhub.eu/Workflow-RO-Crate/"
        }
      ]
    },
    {
      "@id": "./",
      "@type": "Dataset",
      "datePublished": "2023-11-28T01:09:52.093+00:00",
      "mainEntity": {
        "@id": "main_workflow.ga"
      }
    },
    {
      "@id": "main_workflow.ga",
      "@type": [
        "File",
        "SoftwareSourceCode",
        "ComputationalWorkflow"
      ],
      "author": [
        {
          "@id": "#2580eddd-012b-42ae-be5c-f2e5f1b5ac1b"
        },
        {
          "@id": "#039bb581-d33a-4b8e-a6d0-51666eb61720"
        },
        {
          "@id": "#8a55d309-7eec-47a0-bc0f-001705749cb8"
        },
        {
          "@id": "#e60ccf36-0f30-4bb2-9deb-9d482abb430c"
        },
        {
          "@id": "#d9e00f8d-66fa-433a-b886-6d10563b70b9"
        }
      ],
      "license": {
        "@id": "https://spdx.org/licenses/GPL-3.0-or-later"
      },
      "name": "Genome Assembly Quality Control",
      "version": 1,
      "programmingLanguage": {
        "@id": "https://w3id.org/workflowhub/workflow-ro-crate#galaxy"
      }
    },
    {
      "@id": "https://spdx.org/licenses/GPL-3.0-or-later",
      "@type": "CreativeWork",
      "name": "GPL-3.0-or-later"
    },
    {
      "@id": "https://w3id.org/workflowhub/workflow-ro-crate#galaxy",
      "@type": "ComputerLanguage",
      "identifier": {
        "@id": "https://galaxyproject.org/"
      },
      "name": "Galaxy",
      "url": {
        "@id": "https://galaxyproject.org/"
      },
      "version": "23.1"
    },
    {
      "@id": "#2580eddd-012b-42ae-be5c-f2e5f1b5ac1b",
      "@type": "Person",
      "name": "Erwan Corre"
    },
    {
      "@id": "#039bb581-d33a-4b8e-a6d0-51666eb61720",
      "@type": "Person",
      "name": "Stéphanie Robin"
    },
    {
      "@id": "#8a55d309-7eec-47a0-bc0f-001705749cb8",
      "@type": "Person",
      "name": "Anthony Bretaudeau"
    },
    {
      "@id": "#e60ccf36-0f30-4bb2-9deb-9d482abb430c",
      "@type": "Person",
      "name": "Alexandre Cormier"
    },
    {
      "@id": "#d9e00f8d-66fa-433a-b886-6d10563b70b9",
      "@type": "Person",
      "name": "Laura Leroi"
    }
  ]
}