{
  "@context": "https://w3id.org/ro/crate/1.1/context",
  "@graph": [
    {
      "@id": "ro-crate-metadata.json",
      "@type": "CreativeWork",
      "about": {
        "@id": "./"
      },
      "conformsTo": [
        {
          "@id": "https://w3id.org/ro/crate/1.1"
        },
        {
          "@id": "https://about.workflowhub.eu/Workflow-RO-Crate/"
        }
      ]
    },
    {
      "@id": "./",
      "@type": "Dataset",
      "datePublished": "2023-11-14T01:06:41.625+00:00",
      "mainEntity": {
        "@id": "main_workflow.ga"
      }
    },
    {
      "@id": "main_workflow.ga",
      "@type": [
        "File",
        "SoftwareSourceCode",
        "ComputationalWorkflow"
      ],
      "author": [
        {
          "@id": "#b101d243-07ce-41fd-9d3d-9e946cb9ba7c"
        },
        {
          "@id": "#a0481a0f-f413-4dbe-882e-ad4f3f8496d0"
        },
        {
          "@id": "#3f6e0fe4-ffc1-43d3-b0d3-cf4211f8be9c"
        },
        {
          "@id": "#e2d728c5-4a8e-4892-a454-3a82d836cf7b"
        },
        {
          "@id": "#ed3f7710-ed17-4dbf-9849-0f13f22328b5"
        }
      ],
      "license": {
        "@id": "https://spdx.org/licenses/GPL-3.0-or-later"
      },
      "name": "Genome Assembly Quality Control",
      "version": 1,
      "programmingLanguage": {
        "@id": "https://w3id.org/workflowhub/workflow-ro-crate#galaxy"
      }
    },
    {
      "@id": "https://spdx.org/licenses/GPL-3.0-or-later",
      "@type": "CreativeWork",
      "name": "GPL-3.0-or-later"
    },
    {
      "@id": "https://w3id.org/workflowhub/workflow-ro-crate#galaxy",
      "@type": "ComputerLanguage",
      "identifier": {
        "@id": "https://galaxyproject.org/"
      },
      "name": "Galaxy",
      "url": {
        "@id": "https://galaxyproject.org/"
      },
      "version": "23.1"
    },
    {
      "@id": "#b101d243-07ce-41fd-9d3d-9e946cb9ba7c",
      "@type": "Person",
      "name": "Erwan Corre"
    },
    {
      "@id": "#a0481a0f-f413-4dbe-882e-ad4f3f8496d0",
      "@type": "Person",
      "name": "Stéphanie Robin"
    },
    {
      "@id": "#3f6e0fe4-ffc1-43d3-b0d3-cf4211f8be9c",
      "@type": "Person",
      "name": "Anthony Bretaudeau"
    },
    {
      "@id": "#e2d728c5-4a8e-4892-a454-3a82d836cf7b",
      "@type": "Person",
      "name": "Alexandre Cormier"
    },
    {
      "@id": "#ed3f7710-ed17-4dbf-9849-0f13f22328b5",
      "@type": "Person",
      "name": "Laura Leroi"
    }
  ]
}