{
  "@context": "https://w3id.org/ro/crate/1.1/context",
  "@graph": [
    {
      "@id": "ro-crate-metadata.json",
      "@type": "CreativeWork",
      "about": {
        "@id": "./"
      },
      "conformsTo": [
        {
          "@id": "https://w3id.org/ro/crate/1.1"
        },
        {
          "@id": "https://about.workflowhub.eu/Workflow-RO-Crate/"
        }
      ]
    },
    {
      "@id": "./",
      "@type": "Dataset",
      "datePublished": "2023-11-11T02:08:01.075+00:00",
      "mainEntity": {
        "@id": "main_workflow.ga"
      }
    },
    {
      "@id": "main_workflow.ga",
      "@type": [
        "File",
        "SoftwareSourceCode",
        "ComputationalWorkflow"
      ],
      "author": [
        {
          "@id": "#cb9c6077-1e3a-4bbe-b1a5-576def725e2b"
        },
        {
          "@id": "#0fbb16c6-599a-40ef-9e00-6bc3515d0364"
        },
        {
          "@id": "#ca91f0ec-9770-4b32-89be-cf376681873a"
        },
        {
          "@id": "#94a620ed-a384-4dd2-b07d-eabf765e0d51"
        },
        {
          "@id": "#6cc865a3-92a0-4927-8d8e-6fce40ea442f"
        }
      ],
      "license": {
        "@id": "https://spdx.org/licenses/GPL-3.0-or-later"
      },
      "name": "Genome Assembly Quality Control",
      "version": 1,
      "programmingLanguage": {
        "@id": "https://w3id.org/workflowhub/workflow-ro-crate#galaxy"
      }
    },
    {
      "@id": "https://spdx.org/licenses/GPL-3.0-or-later",
      "@type": "CreativeWork",
      "name": "GPL-3.0-or-later"
    },
    {
      "@id": "https://w3id.org/workflowhub/workflow-ro-crate#galaxy",
      "@type": "ComputerLanguage",
      "identifier": {
        "@id": "https://galaxyproject.org/"
      },
      "name": "Galaxy",
      "url": {
        "@id": "https://galaxyproject.org/"
      },
      "version": "23.1"
    },
    {
      "@id": "#cb9c6077-1e3a-4bbe-b1a5-576def725e2b",
      "@type": "Person",
      "name": "Erwan Corre"
    },
    {
      "@id": "#0fbb16c6-599a-40ef-9e00-6bc3515d0364",
      "@type": "Person",
      "name": "Stéphanie Robin"
    },
    {
      "@id": "#ca91f0ec-9770-4b32-89be-cf376681873a",
      "@type": "Person",
      "name": "Anthony Bretaudeau"
    },
    {
      "@id": "#94a620ed-a384-4dd2-b07d-eabf765e0d51",
      "@type": "Person",
      "name": "Alexandre Cormier"
    },
    {
      "@id": "#6cc865a3-92a0-4927-8d8e-6fce40ea442f",
      "@type": "Person",
      "name": "Laura Leroi"
    }
  ]
}