{
  "@context": "https://w3id.org/ro/crate/1.1/context",
  "@graph": [
    {
      "@id": "ro-crate-metadata.json",
      "@type": "CreativeWork",
      "about": {
        "@id": "./"
      },
      "conformsTo": [
        {
          "@id": "https://w3id.org/ro/crate/1.1"
        },
        {
          "@id": "https://about.workflowhub.eu/Workflow-RO-Crate/"
        }
      ]
    },
    {
      "@id": "./",
      "@type": "Dataset",
      "datePublished": "2023-11-30T01:06:34.267+00:00",
      "mainEntity": {
        "@id": "main_workflow.ga"
      }
    },
    {
      "@id": "main_workflow.ga",
      "@type": [
        "File",
        "SoftwareSourceCode",
        "ComputationalWorkflow"
      ],
      "author": [
        {
          "@id": "#109a95fb-1d30-4cc3-89e4-005e83dfc993"
        },
        {
          "@id": "#22d9153b-986a-4246-b40b-65cd8f825d3f"
        },
        {
          "@id": "#e86096a4-0362-42d2-89db-f7008d7e1b77"
        },
        {
          "@id": "#5ffafde8-e3f5-429f-afb3-a79b6c4b3ad6"
        },
        {
          "@id": "#a7a7afdc-7c59-4d67-90d5-49a115c6d70c"
        }
      ],
      "license": {
        "@id": "https://spdx.org/licenses/GPL-3.0-or-later"
      },
      "name": "Genome Assembly Quality Control",
      "version": 1,
      "programmingLanguage": {
        "@id": "https://w3id.org/workflowhub/workflow-ro-crate#galaxy"
      }
    },
    {
      "@id": "https://spdx.org/licenses/GPL-3.0-or-later",
      "@type": "CreativeWork",
      "name": "GPL-3.0-or-later"
    },
    {
      "@id": "https://w3id.org/workflowhub/workflow-ro-crate#galaxy",
      "@type": "ComputerLanguage",
      "identifier": {
        "@id": "https://galaxyproject.org/"
      },
      "name": "Galaxy",
      "url": {
        "@id": "https://galaxyproject.org/"
      },
      "version": "23.1"
    },
    {
      "@id": "#109a95fb-1d30-4cc3-89e4-005e83dfc993",
      "@type": "Person",
      "name": "Erwan Corre"
    },
    {
      "@id": "#22d9153b-986a-4246-b40b-65cd8f825d3f",
      "@type": "Person",
      "name": "Stéphanie Robin"
    },
    {
      "@id": "#e86096a4-0362-42d2-89db-f7008d7e1b77",
      "@type": "Person",
      "name": "Anthony Bretaudeau"
    },
    {
      "@id": "#5ffafde8-e3f5-429f-afb3-a79b6c4b3ad6",
      "@type": "Person",
      "name": "Alexandre Cormier"
    },
    {
      "@id": "#a7a7afdc-7c59-4d67-90d5-49a115c6d70c",
      "@type": "Person",
      "name": "Laura Leroi"
    }
  ]
}