{
  "@context": "https://w3id.org/ro/crate/1.1/context",
  "@graph": [
    {
      "@id": "ro-crate-metadata.json",
      "@type": "CreativeWork",
      "about": {
        "@id": "./"
      },
      "conformsTo": [
        {
          "@id": "https://w3id.org/ro/crate/1.1"
        },
        {
          "@id": "https://about.workflowhub.eu/Workflow-RO-Crate/"
        }
      ]
    },
    {
      "@id": "./",
      "@type": "Dataset",
      "datePublished": "2023-11-13T01:06:05.661+00:00",
      "mainEntity": {
        "@id": "main_workflow.ga"
      }
    },
    {
      "@id": "main_workflow.ga",
      "@type": [
        "File",
        "SoftwareSourceCode",
        "ComputationalWorkflow"
      ],
      "author": [
        {
          "@id": "#c27d124c-cdb9-4910-a9f7-b2e11002407e"
        },
        {
          "@id": "#97ab0a72-6394-48b0-b155-2aa2252562f1"
        },
        {
          "@id": "#6d90fa2d-7dbf-4ab9-90b2-9cd845d549b9"
        },
        {
          "@id": "#a6275edf-3a57-40fe-81cf-3bd99a2c5060"
        },
        {
          "@id": "#4fb665c9-f52a-4d8d-b54a-dd435afedebd"
        }
      ],
      "license": {
        "@id": "https://spdx.org/licenses/GPL-3.0-or-later"
      },
      "name": "Genome Assembly Quality Control",
      "version": 1,
      "programmingLanguage": {
        "@id": "https://w3id.org/workflowhub/workflow-ro-crate#galaxy"
      }
    },
    {
      "@id": "https://spdx.org/licenses/GPL-3.0-or-later",
      "@type": "CreativeWork",
      "name": "GPL-3.0-or-later"
    },
    {
      "@id": "https://w3id.org/workflowhub/workflow-ro-crate#galaxy",
      "@type": "ComputerLanguage",
      "identifier": {
        "@id": "https://galaxyproject.org/"
      },
      "name": "Galaxy",
      "url": {
        "@id": "https://galaxyproject.org/"
      },
      "version": "23.1"
    },
    {
      "@id": "#c27d124c-cdb9-4910-a9f7-b2e11002407e",
      "@type": "Person",
      "name": "Erwan Corre"
    },
    {
      "@id": "#97ab0a72-6394-48b0-b155-2aa2252562f1",
      "@type": "Person",
      "name": "Stéphanie Robin"
    },
    {
      "@id": "#6d90fa2d-7dbf-4ab9-90b2-9cd845d549b9",
      "@type": "Person",
      "name": "Anthony Bretaudeau"
    },
    {
      "@id": "#a6275edf-3a57-40fe-81cf-3bd99a2c5060",
      "@type": "Person",
      "name": "Alexandre Cormier"
    },
    {
      "@id": "#4fb665c9-f52a-4d8d-b54a-dd435afedebd",
      "@type": "Person",
      "name": "Laura Leroi"
    }
  ]
}