{
  "@context": "https://w3id.org/ro/crate/1.1/context",
  "@graph": [
    {
      "@id": "ro-crate-metadata.json",
      "@type": "CreativeWork",
      "about": {
        "@id": "./"
      },
      "conformsTo": [
        {
          "@id": "https://w3id.org/ro/crate/1.1"
        },
        {
          "@id": "https://about.workflowhub.eu/Workflow-RO-Crate/"
        }
      ]
    },
    {
      "@id": "./",
      "@type": "Dataset",
      "datePublished": "2023-11-12T01:09:51.144+00:00",
      "mainEntity": {
        "@id": "main_workflow.ga"
      }
    },
    {
      "@id": "main_workflow.ga",
      "@type": [
        "File",
        "SoftwareSourceCode",
        "ComputationalWorkflow"
      ],
      "author": [
        {
          "@id": "#c6a97871-0115-4476-ac6b-74ff5e830680"
        },
        {
          "@id": "#21dc0cac-064a-428e-8ba6-afc40d3dc02d"
        },
        {
          "@id": "#4a849c06-2bc0-47f7-be85-69ed281d78d4"
        },
        {
          "@id": "#8d9e691c-73df-46b6-ab14-fa51fd052958"
        },
        {
          "@id": "#d325989b-5ed4-4a2f-9999-cc984f24e599"
        }
      ],
      "license": {
        "@id": "https://spdx.org/licenses/GPL-3.0-or-later"
      },
      "name": "Genome Assembly Quality Control",
      "version": 1,
      "programmingLanguage": {
        "@id": "https://w3id.org/workflowhub/workflow-ro-crate#galaxy"
      }
    },
    {
      "@id": "https://spdx.org/licenses/GPL-3.0-or-later",
      "@type": "CreativeWork",
      "name": "GPL-3.0-or-later"
    },
    {
      "@id": "https://w3id.org/workflowhub/workflow-ro-crate#galaxy",
      "@type": "ComputerLanguage",
      "identifier": {
        "@id": "https://galaxyproject.org/"
      },
      "name": "Galaxy",
      "url": {
        "@id": "https://galaxyproject.org/"
      },
      "version": "23.1"
    },
    {
      "@id": "#c6a97871-0115-4476-ac6b-74ff5e830680",
      "@type": "Person",
      "name": "Erwan Corre"
    },
    {
      "@id": "#21dc0cac-064a-428e-8ba6-afc40d3dc02d",
      "@type": "Person",
      "name": "Stéphanie Robin"
    },
    {
      "@id": "#4a849c06-2bc0-47f7-be85-69ed281d78d4",
      "@type": "Person",
      "name": "Anthony Bretaudeau"
    },
    {
      "@id": "#8d9e691c-73df-46b6-ab14-fa51fd052958",
      "@type": "Person",
      "name": "Alexandre Cormier"
    },
    {
      "@id": "#d325989b-5ed4-4a2f-9999-cc984f24e599",
      "@type": "Person",
      "name": "Laura Leroi"
    }
  ]
}