{
  "@context": "https://w3id.org/ro/crate/1.1/context",
  "@graph": [
    {
      "@id": "ro-crate-metadata.json",
      "@type": "CreativeWork",
      "about": {
        "@id": "./"
      },
      "conformsTo": [
        {
          "@id": "https://w3id.org/ro/crate/1.1"
        },
        {
          "@id": "https://about.workflowhub.eu/Workflow-RO-Crate/"
        }
      ]
    },
    {
      "@id": "./",
      "@type": "Dataset",
      "datePublished": "2023-11-26T01:10:16.209+00:00",
      "mainEntity": {
        "@id": "main_workflow.ga"
      }
    },
    {
      "@id": "main_workflow.ga",
      "@type": [
        "File",
        "SoftwareSourceCode",
        "ComputationalWorkflow"
      ],
      "author": [
        {
          "@id": "#a82cd142-0fc4-4749-a1e3-e9930aa440f6"
        },
        {
          "@id": "#9ce222cc-474a-4f8b-b92b-75d018a4dcde"
        },
        {
          "@id": "#5cd3df6b-fe0f-401b-98a2-cf1653827d51"
        },
        {
          "@id": "#67d60dc1-5c7d-49e5-8468-aff231e4876a"
        },
        {
          "@id": "#173cedb7-24f9-42fe-86ed-7fa754bbbf99"
        }
      ],
      "license": {
        "@id": "https://spdx.org/licenses/GPL-3.0-or-later"
      },
      "name": "Genome Assembly Quality Control",
      "version": 1,
      "programmingLanguage": {
        "@id": "https://w3id.org/workflowhub/workflow-ro-crate#galaxy"
      }
    },
    {
      "@id": "https://spdx.org/licenses/GPL-3.0-or-later",
      "@type": "CreativeWork",
      "name": "GPL-3.0-or-later"
    },
    {
      "@id": "https://w3id.org/workflowhub/workflow-ro-crate#galaxy",
      "@type": "ComputerLanguage",
      "identifier": {
        "@id": "https://galaxyproject.org/"
      },
      "name": "Galaxy",
      "url": {
        "@id": "https://galaxyproject.org/"
      },
      "version": "23.1"
    },
    {
      "@id": "#a82cd142-0fc4-4749-a1e3-e9930aa440f6",
      "@type": "Person",
      "name": "Erwan Corre"
    },
    {
      "@id": "#9ce222cc-474a-4f8b-b92b-75d018a4dcde",
      "@type": "Person",
      "name": "Stéphanie Robin"
    },
    {
      "@id": "#5cd3df6b-fe0f-401b-98a2-cf1653827d51",
      "@type": "Person",
      "name": "Anthony Bretaudeau"
    },
    {
      "@id": "#67d60dc1-5c7d-49e5-8468-aff231e4876a",
      "@type": "Person",
      "name": "Alexandre Cormier"
    },
    {
      "@id": "#173cedb7-24f9-42fe-86ed-7fa754bbbf99",
      "@type": "Person",
      "name": "Laura Leroi"
    }
  ]
}