{
  "@context": "https://w3id.org/ro/crate/1.1/context",
  "@graph": [
    {
      "@id": "ro-crate-metadata.json",
      "@type": "CreativeWork",
      "about": {
        "@id": "./"
      },
      "conformsTo": [
        {
          "@id": "https://w3id.org/ro/crate/1.1"
        },
        {
          "@id": "https://about.workflowhub.eu/Workflow-RO-Crate/"
        }
      ]
    },
    {
      "@id": "./",
      "@type": "Dataset",
      "datePublished": "2023-12-02T01:03:36.529+00:00",
      "mainEntity": {
        "@id": "main_workflow.ga"
      }
    },
    {
      "@id": "main_workflow.ga",
      "@type": [
        "File",
        "SoftwareSourceCode",
        "ComputationalWorkflow"
      ],
      "author": [
        {
          "@id": "#36b31bbd-8f39-4b8b-9445-3569f1d4f025"
        },
        {
          "@id": "#dcd2ab05-582c-44cd-8e69-691379b0af2a"
        },
        {
          "@id": "#61dbf8aa-8da4-4b87-8eb4-7696c6701dde"
        },
        {
          "@id": "#31bea817-b4b5-400c-8e33-d0c3c2e488b7"
        },
        {
          "@id": "#1865f516-6c9f-4c7c-badf-32dcdef62909"
        }
      ],
      "license": {
        "@id": "https://spdx.org/licenses/GPL-3.0-or-later"
      },
      "name": "Genome Assembly Quality Control",
      "version": 1,
      "programmingLanguage": {
        "@id": "https://w3id.org/workflowhub/workflow-ro-crate#galaxy"
      }
    },
    {
      "@id": "https://spdx.org/licenses/GPL-3.0-or-later",
      "@type": "CreativeWork",
      "name": "GPL-3.0-or-later"
    },
    {
      "@id": "https://w3id.org/workflowhub/workflow-ro-crate#galaxy",
      "@type": "ComputerLanguage",
      "identifier": {
        "@id": "https://galaxyproject.org/"
      },
      "name": "Galaxy",
      "url": {
        "@id": "https://galaxyproject.org/"
      },
      "version": "23.1"
    },
    {
      "@id": "#36b31bbd-8f39-4b8b-9445-3569f1d4f025",
      "@type": "Person",
      "name": "Erwan Corre"
    },
    {
      "@id": "#dcd2ab05-582c-44cd-8e69-691379b0af2a",
      "@type": "Person",
      "name": "Stéphanie Robin"
    },
    {
      "@id": "#61dbf8aa-8da4-4b87-8eb4-7696c6701dde",
      "@type": "Person",
      "name": "Anthony Bretaudeau"
    },
    {
      "@id": "#31bea817-b4b5-400c-8e33-d0c3c2e488b7",
      "@type": "Person",
      "name": "Alexandre Cormier"
    },
    {
      "@id": "#1865f516-6c9f-4c7c-badf-32dcdef62909",
      "@type": "Person",
      "name": "Laura Leroi"
    }
  ]
}