{
  "@context": "https://w3id.org/ro/crate/1.1/context",
  "@graph": [
    {
      "@id": "ro-crate-metadata.json",
      "@type": "CreativeWork",
      "about": {
        "@id": "./"
      },
      "conformsTo": [
        {
          "@id": "https://w3id.org/ro/crate/1.1"
        },
        {
          "@id": "https://about.workflowhub.eu/Workflow-RO-Crate/"
        }
      ]
    },
    {
      "@id": "./",
      "@type": "Dataset",
      "datePublished": "2023-12-03T01:10:13.387+00:00",
      "mainEntity": {
        "@id": "main_workflow.ga"
      }
    },
    {
      "@id": "main_workflow.ga",
      "@type": [
        "File",
        "SoftwareSourceCode",
        "ComputationalWorkflow"
      ],
      "author": [
        {
          "@id": "#8a641ca4-f2e4-46aa-a0f3-b595f9c34c59"
        },
        {
          "@id": "#5aad3a01-e2bc-4068-8ced-0f58af202add"
        },
        {
          "@id": "#53a75691-4f1f-4bae-95a0-a60ff32c99d6"
        },
        {
          "@id": "#821dd2b2-1e24-4d17-99f3-dc277ce5f838"
        },
        {
          "@id": "#1c5034eb-af98-4f1f-aabc-b722aba9585f"
        }
      ],
      "license": {
        "@id": "https://spdx.org/licenses/GPL-3.0-or-later"
      },
      "name": "Genome Assembly Quality Control",
      "version": 1,
      "programmingLanguage": {
        "@id": "https://w3id.org/workflowhub/workflow-ro-crate#galaxy"
      }
    },
    {
      "@id": "https://spdx.org/licenses/GPL-3.0-or-later",
      "@type": "CreativeWork",
      "name": "GPL-3.0-or-later"
    },
    {
      "@id": "https://w3id.org/workflowhub/workflow-ro-crate#galaxy",
      "@type": "ComputerLanguage",
      "identifier": {
        "@id": "https://galaxyproject.org/"
      },
      "name": "Galaxy",
      "url": {
        "@id": "https://galaxyproject.org/"
      },
      "version": "23.1"
    },
    {
      "@id": "#8a641ca4-f2e4-46aa-a0f3-b595f9c34c59",
      "@type": "Person",
      "name": "Erwan Corre"
    },
    {
      "@id": "#5aad3a01-e2bc-4068-8ced-0f58af202add",
      "@type": "Person",
      "name": "Stéphanie Robin"
    },
    {
      "@id": "#53a75691-4f1f-4bae-95a0-a60ff32c99d6",
      "@type": "Person",
      "name": "Anthony Bretaudeau"
    },
    {
      "@id": "#821dd2b2-1e24-4d17-99f3-dc277ce5f838",
      "@type": "Person",
      "name": "Alexandre Cormier"
    },
    {
      "@id": "#1c5034eb-af98-4f1f-aabc-b722aba9585f",
      "@type": "Person",
      "name": "Laura Leroi"
    }
  ]
}