{
  "@context": "https://w3id.org/ro/crate/1.1/context",
  "@graph": [
    {
      "@id": "ro-crate-metadata.json",
      "@type": "CreativeWork",
      "about": {
        "@id": "./"
      },
      "conformsTo": [
        {
          "@id": "https://w3id.org/ro/crate/1.1"
        },
        {
          "@id": "https://about.workflowhub.eu/Workflow-RO-Crate/"
        }
      ]
    },
    {
      "@id": "./",
      "@type": "Dataset",
      "datePublished": "2023-11-24T01:04:45.521+00:00",
      "mainEntity": {
        "@id": "main_workflow.ga"
      }
    },
    {
      "@id": "main_workflow.ga",
      "@type": [
        "File",
        "SoftwareSourceCode",
        "ComputationalWorkflow"
      ],
      "author": [
        {
          "@id": "#875ca1e8-90cc-4dba-94ef-9a9c7e212160"
        },
        {
          "@id": "#11dc40d3-490e-4c60-bcaf-ba118879d7ec"
        },
        {
          "@id": "#12e94f48-e7c7-4dc2-8464-e2315c5529c3"
        },
        {
          "@id": "#4008bb6a-ab0b-433c-afc2-1c784e02f6e4"
        },
        {
          "@id": "#4a306057-9329-4b16-8a98-5ef86a7bdfcc"
        }
      ],
      "license": {
        "@id": "https://spdx.org/licenses/GPL-3.0-or-later"
      },
      "name": "Genome Assembly Quality Control",
      "version": 1,
      "programmingLanguage": {
        "@id": "https://w3id.org/workflowhub/workflow-ro-crate#galaxy"
      }
    },
    {
      "@id": "https://spdx.org/licenses/GPL-3.0-or-later",
      "@type": "CreativeWork",
      "name": "GPL-3.0-or-later"
    },
    {
      "@id": "https://w3id.org/workflowhub/workflow-ro-crate#galaxy",
      "@type": "ComputerLanguage",
      "identifier": {
        "@id": "https://galaxyproject.org/"
      },
      "name": "Galaxy",
      "url": {
        "@id": "https://galaxyproject.org/"
      },
      "version": "23.1"
    },
    {
      "@id": "#875ca1e8-90cc-4dba-94ef-9a9c7e212160",
      "@type": "Person",
      "name": "Erwan Corre"
    },
    {
      "@id": "#11dc40d3-490e-4c60-bcaf-ba118879d7ec",
      "@type": "Person",
      "name": "Stéphanie Robin"
    },
    {
      "@id": "#12e94f48-e7c7-4dc2-8464-e2315c5529c3",
      "@type": "Person",
      "name": "Anthony Bretaudeau"
    },
    {
      "@id": "#4008bb6a-ab0b-433c-afc2-1c784e02f6e4",
      "@type": "Person",
      "name": "Alexandre Cormier"
    },
    {
      "@id": "#4a306057-9329-4b16-8a98-5ef86a7bdfcc",
      "@type": "Person",
      "name": "Laura Leroi"
    }
  ]
}