{
  "@context": "https://w3id.org/ro/crate/1.1/context",
  "@graph": [
    {
      "@id": "ro-crate-metadata.json",
      "@type": "CreativeWork",
      "about": {
        "@id": "./"
      },
      "conformsTo": [
        {
          "@id": "https://w3id.org/ro/crate/1.1"
        },
        {
          "@id": "https://about.workflowhub.eu/Workflow-RO-Crate/"
        }
      ]
    },
    {
      "@id": "./",
      "@type": "Dataset",
      "datePublished": "2023-11-23T01:06:17.153+00:00",
      "mainEntity": {
        "@id": "main_workflow.ga"
      }
    },
    {
      "@id": "main_workflow.ga",
      "@type": [
        "File",
        "SoftwareSourceCode",
        "ComputationalWorkflow"
      ],
      "author": [
        {
          "@id": "#681ed7d5-fa06-4311-a33d-20f8bbe175ca"
        },
        {
          "@id": "#3922d948-b0ec-4563-acb6-2c213af2667d"
        },
        {
          "@id": "#b3240e3c-1a50-469a-b142-2e67acc8dc68"
        },
        {
          "@id": "#70642b1c-813b-482e-a9ad-834c0ac945aa"
        },
        {
          "@id": "#2112d1d7-2dea-40bb-97aa-007375b89f34"
        }
      ],
      "license": {
        "@id": "https://spdx.org/licenses/GPL-3.0-or-later"
      },
      "name": "Genome Assembly Quality Control",
      "version": 1,
      "programmingLanguage": {
        "@id": "https://w3id.org/workflowhub/workflow-ro-crate#galaxy"
      }
    },
    {
      "@id": "https://spdx.org/licenses/GPL-3.0-or-later",
      "@type": "CreativeWork",
      "name": "GPL-3.0-or-later"
    },
    {
      "@id": "https://w3id.org/workflowhub/workflow-ro-crate#galaxy",
      "@type": "ComputerLanguage",
      "identifier": {
        "@id": "https://galaxyproject.org/"
      },
      "name": "Galaxy",
      "url": {
        "@id": "https://galaxyproject.org/"
      },
      "version": "23.1"
    },
    {
      "@id": "#681ed7d5-fa06-4311-a33d-20f8bbe175ca",
      "@type": "Person",
      "name": "Erwan Corre"
    },
    {
      "@id": "#3922d948-b0ec-4563-acb6-2c213af2667d",
      "@type": "Person",
      "name": "Stéphanie Robin"
    },
    {
      "@id": "#b3240e3c-1a50-469a-b142-2e67acc8dc68",
      "@type": "Person",
      "name": "Anthony Bretaudeau"
    },
    {
      "@id": "#70642b1c-813b-482e-a9ad-834c0ac945aa",
      "@type": "Person",
      "name": "Alexandre Cormier"
    },
    {
      "@id": "#2112d1d7-2dea-40bb-97aa-007375b89f34",
      "@type": "Person",
      "name": "Laura Leroi"
    }
  ]
}