{
  "@context": "https://w3id.org/ro/crate/1.1/context",
  "@graph": [
    {
      "@id": "ro-crate-metadata.json",
      "@type": "CreativeWork",
      "about": {
        "@id": "./"
      },
      "conformsTo": [
        {
          "@id": "https://w3id.org/ro/crate/1.1"
        },
        {
          "@id": "https://about.workflowhub.eu/Workflow-RO-Crate/"
        }
      ]
    },
    {
      "@id": "./",
      "@type": "Dataset",
      "datePublished": "2023-11-20T01:07:05.696+00:00",
      "mainEntity": {
        "@id": "main_workflow.ga"
      }
    },
    {
      "@id": "main_workflow.ga",
      "@type": [
        "File",
        "SoftwareSourceCode",
        "ComputationalWorkflow"
      ],
      "author": [
        {
          "@id": "#536e9f9e-0385-4b75-a031-18e179059fb3"
        },
        {
          "@id": "#c72405d9-60af-4e1c-98f8-9d93657dc86f"
        },
        {
          "@id": "#020a792a-aec7-4449-9f9e-58870556f054"
        },
        {
          "@id": "#8d3ace20-998a-4239-ac28-c6a281c4a177"
        },
        {
          "@id": "#882c9446-3612-45b3-ab04-c63f70138dd6"
        }
      ],
      "license": {
        "@id": "https://spdx.org/licenses/GPL-3.0-or-later"
      },
      "name": "Genome Assembly Quality Control",
      "version": 1,
      "programmingLanguage": {
        "@id": "https://w3id.org/workflowhub/workflow-ro-crate#galaxy"
      }
    },
    {
      "@id": "https://spdx.org/licenses/GPL-3.0-or-later",
      "@type": "CreativeWork",
      "name": "GPL-3.0-or-later"
    },
    {
      "@id": "https://w3id.org/workflowhub/workflow-ro-crate#galaxy",
      "@type": "ComputerLanguage",
      "identifier": {
        "@id": "https://galaxyproject.org/"
      },
      "name": "Galaxy",
      "url": {
        "@id": "https://galaxyproject.org/"
      },
      "version": "23.1"
    },
    {
      "@id": "#536e9f9e-0385-4b75-a031-18e179059fb3",
      "@type": "Person",
      "name": "Erwan Corre"
    },
    {
      "@id": "#c72405d9-60af-4e1c-98f8-9d93657dc86f",
      "@type": "Person",
      "name": "Stéphanie Robin"
    },
    {
      "@id": "#020a792a-aec7-4449-9f9e-58870556f054",
      "@type": "Person",
      "name": "Anthony Bretaudeau"
    },
    {
      "@id": "#8d3ace20-998a-4239-ac28-c6a281c4a177",
      "@type": "Person",
      "name": "Alexandre Cormier"
    },
    {
      "@id": "#882c9446-3612-45b3-ab04-c63f70138dd6",
      "@type": "Person",
      "name": "Laura Leroi"
    }
  ]
}