{
  "@context": "https://w3id.org/ro/crate/1.1/context",
  "@graph": [
    {
      "@id": "ro-crate-metadata.json",
      "@type": "CreativeWork",
      "about": {
        "@id": "./"
      },
      "conformsTo": [
        {
          "@id": "https://w3id.org/ro/crate/1.1"
        },
        {
          "@id": "https://about.workflowhub.eu/Workflow-RO-Crate/"
        }
      ]
    },
    {
      "@id": "./",
      "@type": "Dataset",
      "datePublished": "2023-12-01T01:14:02.249+00:00",
      "mainEntity": {
        "@id": "main_workflow.ga"
      }
    },
    {
      "@id": "main_workflow.ga",
      "@type": [
        "File",
        "SoftwareSourceCode",
        "ComputationalWorkflow"
      ],
      "author": [
        {
          "@id": "#6153da19-045e-440e-8ed8-d265b1ed56c1"
        },
        {
          "@id": "#96bdcc37-417a-4360-94a2-41537a54f76c"
        },
        {
          "@id": "#bc8e2919-ecdb-48d3-b935-ac2843da9662"
        },
        {
          "@id": "#9e96486a-0a5c-4d32-a67a-b635a83c9518"
        },
        {
          "@id": "#f19b03f1-4479-49f4-bb54-39224a51d841"
        }
      ],
      "license": {
        "@id": "https://spdx.org/licenses/GPL-3.0-or-later"
      },
      "name": "Genome Assembly Quality Control",
      "version": 1,
      "programmingLanguage": {
        "@id": "https://w3id.org/workflowhub/workflow-ro-crate#galaxy"
      }
    },
    {
      "@id": "https://spdx.org/licenses/GPL-3.0-or-later",
      "@type": "CreativeWork",
      "name": "GPL-3.0-or-later"
    },
    {
      "@id": "https://w3id.org/workflowhub/workflow-ro-crate#galaxy",
      "@type": "ComputerLanguage",
      "identifier": {
        "@id": "https://galaxyproject.org/"
      },
      "name": "Galaxy",
      "url": {
        "@id": "https://galaxyproject.org/"
      },
      "version": "23.1"
    },
    {
      "@id": "#6153da19-045e-440e-8ed8-d265b1ed56c1",
      "@type": "Person",
      "name": "Erwan Corre"
    },
    {
      "@id": "#96bdcc37-417a-4360-94a2-41537a54f76c",
      "@type": "Person",
      "name": "Stéphanie Robin"
    },
    {
      "@id": "#bc8e2919-ecdb-48d3-b935-ac2843da9662",
      "@type": "Person",
      "name": "Anthony Bretaudeau"
    },
    {
      "@id": "#9e96486a-0a5c-4d32-a67a-b635a83c9518",
      "@type": "Person",
      "name": "Alexandre Cormier"
    },
    {
      "@id": "#f19b03f1-4479-49f4-bb54-39224a51d841",
      "@type": "Person",
      "name": "Laura Leroi"
    }
  ]
}