{
  "@context": "https://w3id.org/ro/crate/1.1/context",
  "@graph": [
    {
      "@id": "ro-crate-metadata.json",
      "@type": "CreativeWork",
      "about": {
        "@id": "./"
      },
      "conformsTo": [
        {
          "@id": "https://w3id.org/ro/crate/1.1"
        },
        {
          "@id": "https://about.workflowhub.eu/Workflow-RO-Crate/"
        }
      ]
    },
    {
      "@id": "./",
      "@type": "Dataset",
      "datePublished": "2023-12-05T01:07:40.814+00:00",
      "mainEntity": {
        "@id": "scrna-seq-preprocessing-tenx.ga"
      }
    },
    {
      "@id": "scrna-seq-preprocessing-tenx.ga",
      "@type": [
        "File",
        "SoftwareSourceCode",
        "ComputationalWorkflow"
      ],
      "author": [
        {
          "@id": "https://orcid.org/0000-0002-8170-8806"
        },
        {
          "@id": "https://orcid.org/0000-0002-5192-126X"
        },
        {
          "@id": "https://orcid.org/0000-0002-4181-2676"
        },
        {
          "@id": "https://orcid.org/0000-0002-2799-424X"
        },
        {
          "@id": "https://orcid.org/0000-0002-6833-9049"
        }
      ],
      "license": {
        "@id": "https://spdx.org/licenses/CC-BY-4.0"
      },
      "name": "Preprocessing of 10X scRNA-seq data",
      "version": 3,
      "programmingLanguage": {
        "@id": "https://w3id.org/workflowhub/workflow-ro-crate#galaxy"
      }
    },
    {
      "@id": "https://spdx.org/licenses/CC-BY-4.0",
      "@type": "CreativeWork",
      "name": "CC-BY-4.0"
    },
    {
      "@id": "https://w3id.org/workflowhub/workflow-ro-crate#galaxy",
      "@type": "ComputerLanguage",
      "identifier": {
        "@id": "https://galaxyproject.org/"
      },
      "name": "Galaxy",
      "url": {
        "@id": "https://galaxyproject.org/"
      },
      "version": "23.1"
    },
    {
      "@id": "https://orcid.org/0000-0002-8170-8806",
      "@type": "Person",
      "name": "Wendi Bacon"
    },
    {
      "@id": "https://orcid.org/0000-0002-5192-126X",
      "@type": "Person",
      "name": "Pavankumar Videm"
    },
    {
      "@id": "https://orcid.org/0000-0002-4181-2676",
      "@type": "Person",
      "name": "Mehmet Tekman"
    },
    {
      "@id": "https://orcid.org/0000-0002-2799-424X",
      "@type": "Person",
      "name": "Hans-Rudolf Hotz"
    },
    {
      "@id": "https://orcid.org/0000-0002-6833-9049",
      "@type": "Person",
      "name": "Daniel Blankenberg"
    }
  ]
}