{
  "@context": "https://w3id.org/ro/crate/1.1/context",
  "@graph": [
    {
      "@id": "ro-crate-metadata.json",
      "@type": "CreativeWork",
      "about": {
        "@id": "./"
      },
      "conformsTo": [
        {
          "@id": "https://w3id.org/ro/crate/1.1"
        },
        {
          "@id": "https://about.workflowhub.eu/Workflow-RO-Crate/"
        }
      ]
    },
    {
      "@id": "./",
      "@type": "Dataset",
      "datePublished": "2023-11-16T01:06:54.956+00:00",
      "mainEntity": {
        "@id": "workflow_exome_seq_from_premapped.ga"
      }
    },
    {
      "@id": "workflow_exome_seq_from_premapped.ga",
      "@type": [
        "File",
        "SoftwareSourceCode",
        "ComputationalWorkflow"
      ],
      "author": [
        {
          "@id": "https://orcid.org/0000-0002-9464-6640"
        }
      ],
      "license": {
        "@id": "https://spdx.org/licenses/MIT"
      },
      "name": "Exome Seq Training Pre-Mapped W Cached Ref",
      "version": 5,
      "programmingLanguage": {
        "@id": "https://w3id.org/workflowhub/workflow-ro-crate#galaxy"
      }
    },
    {
      "@id": "https://spdx.org/licenses/MIT",
      "@type": "CreativeWork",
      "name": "MIT"
    },
    {
      "@id": "https://w3id.org/workflowhub/workflow-ro-crate#galaxy",
      "@type": "ComputerLanguage",
      "identifier": {
        "@id": "https://galaxyproject.org/"
      },
      "name": "Galaxy",
      "url": {
        "@id": "https://galaxyproject.org/"
      },
      "version": "23.1"
    },
    {
      "@id": "https://orcid.org/0000-0002-9464-6640",
      "@type": "Person",
      "name": "Wolfgang Maier"
    }
  ]
}